/*
 * PurrGO 7x7 POI icons.
 * Generated by purrgo_icon_editor.py
 *
 * Pixel format:
 *   bit 2    = alpha (0 transparent, 1 opaque)
 *   bits 1:0 = grayscale (0..3)
 *
 * Layout:
 *   purrgo_poi_icons[icon][y][x]
 *
 * Icon selector is one byte: 0..255.
 */

#ifndef PURRGO_POI_ICONS_H
#define PURRGO_POI_ICONS_H

#include <stdint.h>

#define PURRGO_POI_ICON_COUNT 256u
#define PURRGO_POI_ICON_WIDTH  7u
#define PURRGO_POI_ICON_HEIGHT 7u

#define PURRGO_POI_ALPHA 0x04u

static const uint8_t purrgo_poi_icons[256][7][7] = {
    /* Icon 0 */
    {
        { 0x00, 0x00, 0x00, 0x00, 0x00, 0x00, 0x00 },
        { 0x00, 0x00, 0x00, 0x00, 0x00, 0x00, 0x00 },
        { 0x00, 0x00, 0x00, 0x00, 0x00, 0x00, 0x00 },
        { 0x00, 0x00, 0x00, 0x00, 0x00, 0x00, 0x00 },
        { 0x00, 0x00, 0x00, 0x00, 0x00, 0x00, 0x00 },
        { 0x00, 0x00, 0x00, 0x00, 0x00, 0x00, 0x00 },
        { 0x00, 0x00, 0x00, 0x00, 0x00, 0x00, 0x00 },
    },
    /* Icon 1 */
    {
        { 0x00, 0x00, 0x00, 0x00, 0x00, 0x00, 0x00 },
        { 0x00, 0x00, 0x00, 0x00, 0x00, 0x00, 0x00 },
        { 0x00, 0x00, 0x00, 0x00, 0x00, 0x00, 0x00 },
        { 0x00, 0x00, 0x00, 0x00, 0x00, 0x00, 0x00 },
        { 0x00, 0x00, 0x00, 0x00, 0x00, 0x00, 0x00 },
        { 0x00, 0x00, 0x00, 0x00, 0x00, 0x00, 0x00 },
        { 0x00, 0x00, 0x00, 0x00, 0x00, 0x00, 0x00 },
    },
    /* Icon 2 */
    {
        { 0x00, 0x00, 0x00, 0x00, 0x00, 0x00, 0x00 },
        { 0x00, 0x00, 0x00, 0x00, 0x00, 0x00, 0x00 },
        { 0x00, 0x00, 0x00, 0x00, 0x00, 0x00, 0x00 },
        { 0x00, 0x00, 0x00, 0x00, 0x00, 0x00, 0x00 },
        { 0x00, 0x00, 0x00, 0x00, 0x00, 0x00, 0x00 },
        { 0x00, 0x00, 0x00, 0x00, 0x00, 0x00, 0x00 },
        { 0x00, 0x00, 0x00, 0x00, 0x00, 0x00, 0x00 },
    },
    /* Icon 3 */
    {
        { 0x00, 0x00, 0x00, 0x00, 0x00, 0x00, 0x00 },
        { 0x00, 0x00, 0x00, 0x00, 0x00, 0x00, 0x00 },
        { 0x00, 0x00, 0x00, 0x00, 0x00, 0x00, 0x00 },
        { 0x00, 0x00, 0x00, 0x00, 0x00, 0x00, 0x00 },
        { 0x00, 0x00, 0x00, 0x00, 0x00, 0x00, 0x00 },
        { 0x00, 0x00, 0x00, 0x00, 0x00, 0x00, 0x00 },
        { 0x00, 0x00, 0x00, 0x00, 0x00, 0x00, 0x00 },
    },
    /* Icon 4 */
    {
        { 0x00, 0x00, 0x00, 0x00, 0x00, 0x00, 0x00 },
        { 0x00, 0x00, 0x00, 0x00, 0x00, 0x00, 0x00 },
        { 0x00, 0x00, 0x00, 0x00, 0x00, 0x00, 0x00 },
        { 0x00, 0x00, 0x00, 0x00, 0x00, 0x00, 0x00 },
        { 0x00, 0x00, 0x00, 0x00, 0x00, 0x00, 0x00 },
        { 0x00, 0x00, 0x00, 0x00, 0x00, 0x00, 0x00 },
        { 0x00, 0x00, 0x00, 0x00, 0x00, 0x00, 0x00 },
    },
    /* Icon 5 */
    {
        { 0x00, 0x00, 0x00, 0x00, 0x00, 0x00, 0x00 },
        { 0x00, 0x00, 0x00, 0x00, 0x00, 0x00, 0x00 },
        { 0x00, 0x00, 0x00, 0x00, 0x00, 0x00, 0x00 },
        { 0x00, 0x00, 0x00, 0x00, 0x00, 0x00, 0x00 },
        { 0x00, 0x00, 0x00, 0x00, 0x00, 0x00, 0x00 },
        { 0x00, 0x00, 0x00, 0x00, 0x00, 0x00, 0x00 },
        { 0x00, 0x00, 0x00, 0x00, 0x00, 0x00, 0x00 },
    },
    /* Icon 6 */
    {
        { 0x00, 0x00, 0x00, 0x00, 0x00, 0x00, 0x00 },
        { 0x00, 0x00, 0x00, 0x00, 0x00, 0x00, 0x00 },
        { 0x00, 0x00, 0x00, 0x00, 0x00, 0x00, 0x00 },
        { 0x00, 0x00, 0x00, 0x00, 0x00, 0x00, 0x00 },
        { 0x00, 0x00, 0x00, 0x00, 0x00, 0x00, 0x00 },
        { 0x00, 0x00, 0x00, 0x00, 0x00, 0x00, 0x00 },
        { 0x00, 0x00, 0x00, 0x00, 0x00, 0x00, 0x00 },
    },
    /* Icon 7 */
    {
        { 0x00, 0x00, 0x00, 0x00, 0x00, 0x00, 0x00 },
        { 0x00, 0x00, 0x00, 0x00, 0x00, 0x00, 0x00 },
        { 0x00, 0x00, 0x00, 0x00, 0x00, 0x00, 0x00 },
        { 0x00, 0x00, 0x00, 0x00, 0x00, 0x00, 0x00 },
        { 0x00, 0x00, 0x00, 0x00, 0x00, 0x00, 0x00 },
        { 0x00, 0x00, 0x00, 0x00, 0x00, 0x00, 0x00 },
        { 0x00, 0x00, 0x00, 0x00, 0x00, 0x00, 0x00 },
    },
    /* Icon 8 */
    {
        { 0x00, 0x00, 0x00, 0x00, 0x00, 0x00, 0x00 },
        { 0x00, 0x00, 0x00, 0x00, 0x00, 0x00, 0x00 },
        { 0x00, 0x00, 0x00, 0x00, 0x00, 0x00, 0x00 },
        { 0x00, 0x00, 0x00, 0x00, 0x00, 0x00, 0x00 },
        { 0x00, 0x00, 0x00, 0x00, 0x00, 0x00, 0x00 },
        { 0x00, 0x00, 0x00, 0x00, 0x00, 0x00, 0x00 },
        { 0x00, 0x00, 0x00, 0x00, 0x00, 0x00, 0x00 },
    },
    /* Icon 9 */
    {
        { 0x00, 0x00, 0x00, 0x00, 0x00, 0x00, 0x00 },
        { 0x00, 0x00, 0x00, 0x00, 0x00, 0x00, 0x00 },
        { 0x00, 0x00, 0x00, 0x00, 0x00, 0x00, 0x00 },
        { 0x00, 0x00, 0x00, 0x00, 0x00, 0x00, 0x00 },
        { 0x00, 0x00, 0x00, 0x00, 0x00, 0x00, 0x00 },
        { 0x00, 0x00, 0x00, 0x00, 0x00, 0x00, 0x00 },
        { 0x00, 0x00, 0x00, 0x00, 0x00, 0x00, 0x00 },
    },
    /* Icon 10 */
    {
        { 0x00, 0x00, 0x00, 0x00, 0x00, 0x00, 0x00 },
        { 0x00, 0x00, 0x00, 0x00, 0x00, 0x00, 0x00 },
        { 0x00, 0x00, 0x00, 0x00, 0x00, 0x00, 0x00 },
        { 0x00, 0x00, 0x00, 0x00, 0x00, 0x00, 0x00 },
        { 0x00, 0x00, 0x00, 0x00, 0x00, 0x00, 0x00 },
        { 0x00, 0x00, 0x00, 0x00, 0x00, 0x00, 0x00 },
        { 0x00, 0x00, 0x00, 0x00, 0x00, 0x00, 0x00 },
    },
    /* Icon 11 */
    {
        { 0x00, 0x00, 0x07, 0x07, 0x07, 0x00, 0x00 },
        { 0x00, 0x07, 0x05, 0x05, 0x05, 0x07, 0x00 },
        { 0x07, 0x05, 0x05, 0x05, 0x05, 0x05, 0x07 },
        { 0x07, 0x05, 0x05, 0x05, 0x05, 0x05, 0x07 },
        { 0x07, 0x05, 0x05, 0x05, 0x05, 0x05, 0x07 },
        { 0x00, 0x07, 0x05, 0x05, 0x05, 0x07, 0x00 },
        { 0x00, 0x00, 0x07, 0x07, 0x07, 0x00, 0x00 },
    },
    /* Icon 12 */
    {
        { 0x00, 0x00, 0x03, 0x01, 0x03, 0x03, 0x00 },
        { 0x00, 0x03, 0x01, 0x07, 0x07, 0x03, 0x03 },
        { 0x03, 0x01, 0x07, 0x05, 0x05, 0x07, 0x03 },
        { 0x01, 0x07, 0x05, 0x05, 0x05, 0x05, 0x07 },
        { 0x03, 0x07, 0x05, 0x05, 0x05, 0x05, 0x07 },
        { 0x00, 0x03, 0x07, 0x05, 0x05, 0x07, 0x00 },
        { 0x00, 0x00, 0x03, 0x07, 0x07, 0x00, 0x00 },
    },
    /* Icon 13 */
    {
        { 0x00, 0x07, 0x07, 0x07, 0x07, 0x07, 0x00 },
        { 0x07, 0x05, 0x05, 0x05, 0x05, 0x05, 0x07 },
        { 0x07, 0x05, 0x05, 0x05, 0x05, 0x05, 0x07 },
        { 0x07, 0x05, 0x05, 0x05, 0x05, 0x05, 0x07 },
        { 0x07, 0x05, 0x05, 0x05, 0x05, 0x05, 0x07 },
        { 0x00, 0x07, 0x05, 0x05, 0x05, 0x07, 0x00 },
        { 0x00, 0x00, 0x07, 0x07, 0x07, 0x00, 0x00 },
    },
    /* Icon 14 */
    {
        { 0x00, 0x00, 0x00, 0x00, 0x00, 0x00, 0x00 },
        { 0x00, 0x07, 0x07, 0x07, 0x07, 0x07, 0x00 },
        { 0x07, 0x05, 0x05, 0x05, 0x05, 0x05, 0x07 },
        { 0x07, 0x05, 0x05, 0x05, 0x05, 0x05, 0x07 },
        { 0x07, 0x05, 0x05, 0x05, 0x05, 0x07, 0x00 },
        { 0x07, 0x05, 0x05, 0x05, 0x07, 0x00, 0x00 },
        { 0x00, 0x07, 0x07, 0x07, 0x00, 0x00, 0x00 },
    },
    /* Icon 15 */
    {
        { 0x00, 0x00, 0x00, 0x07, 0x00, 0x00, 0x00 },
        { 0x00, 0x00, 0x07, 0x05, 0x07, 0x00, 0x00 },
        { 0x00, 0x07, 0x07, 0x05, 0x07, 0x07, 0x00 },
        { 0x07, 0x05, 0x05, 0x05, 0x05, 0x05, 0x07 },
        { 0x00, 0x07, 0x07, 0x05, 0x07, 0x07, 0x00 },
        { 0x00, 0x00, 0x07, 0x05, 0x07, 0x00, 0x00 },
        { 0x00, 0x00, 0x00, 0x07, 0x00, 0x00, 0x00 },
    },
    /* Icon 16 */
    {
        { 0x00, 0x07, 0x07, 0x07, 0x00, 0x07, 0x00 },
        { 0x07, 0x05, 0x07, 0x05, 0x07, 0x05, 0x07 },
        { 0x07, 0x05, 0x07, 0x05, 0x07, 0x05, 0x07 },
        { 0x07, 0x05, 0x05, 0x05, 0x07, 0x05, 0x07 },
        { 0x00, 0x07, 0x05, 0x07, 0x07, 0x05, 0x07 },
        { 0x00, 0x07, 0x05, 0x07, 0x07, 0x05, 0x07 },
        { 0x00, 0x00, 0x07, 0x00, 0x00, 0x07, 0x00 },
    },
    /* Icon 17 */
    {
        { 0x00, 0x00, 0x07, 0x05, 0x07, 0x00, 0x00 },
        { 0x00, 0x07, 0x05, 0x05, 0x05, 0x07, 0x00 },
        { 0x07, 0x05, 0x05, 0x05, 0x05, 0x05, 0x07 },
        { 0x05, 0x05, 0x07, 0x07, 0x07, 0x05, 0x05 },
        { 0x07, 0x05, 0x07, 0x07, 0x07, 0x05, 0x07 },
        { 0x07, 0x05, 0x05, 0x05, 0x05, 0x05, 0x07 },
        { 0x07, 0x07, 0x07, 0x07, 0x07, 0x07, 0x07 },
    },
    /* Icon 18 */
    {
        { 0x00, 0x00, 0x00, 0x07, 0x00, 0x00, 0x00 },
        { 0x00, 0x00, 0x07, 0x05, 0x07, 0x00, 0x00 },
        { 0x00, 0x07, 0x05, 0x05, 0x05, 0x07, 0x00 },
        { 0x00, 0x07, 0x05, 0x05, 0x05, 0x07, 0x00 },
        { 0x07, 0x05, 0x05, 0x05, 0x05, 0x05, 0x07 },
        { 0x07, 0x05, 0x05, 0x05, 0x05, 0x05, 0x07 },
        { 0x07, 0x07, 0x07, 0x07, 0x07, 0x07, 0x07 },
    },
    /* Icon 19 */
    {
        { 0x00, 0x07, 0x07, 0x07, 0x07, 0x07, 0x00 },
        { 0x07, 0x05, 0x05, 0x05, 0x05, 0x05, 0x07 },
        { 0x07, 0x05, 0x05, 0x05, 0x05, 0x05, 0x07 },
        { 0x00, 0x07, 0x05, 0x05, 0x05, 0x07, 0x00 },
        { 0x00, 0x07, 0x05, 0x05, 0x05, 0x07, 0x00 },
        { 0x00, 0x07, 0x05, 0x05, 0x05, 0x07, 0x00 },
        { 0x00, 0x00, 0x07, 0x07, 0x07, 0x00, 0x00 },
    },
    /* Icon 20 */
    {
        { 0x00, 0x00, 0x07, 0x00, 0x07, 0x00, 0x00 },
        { 0x00, 0x07, 0x05, 0x07, 0x05, 0x07, 0x00 },
        { 0x07, 0x05, 0x05, 0x07, 0x05, 0x05, 0x07 },
        { 0x05, 0x05, 0x05, 0x05, 0x05, 0x05, 0x05 },
        { 0x07, 0x05, 0x05, 0x07, 0x05, 0x05, 0x07 },
        { 0x00, 0x07, 0x05, 0x07, 0x05, 0x07, 0x00 },
        { 0x00, 0x00, 0x07, 0x00, 0x07, 0x00, 0x00 },
    },
    /* Icon 21 */
    {
        { 0x00, 0x07, 0x07, 0x07, 0x07, 0x07, 0x00 },
        { 0x07, 0x05, 0x05, 0x05, 0x05, 0x05, 0x07 },
        { 0x07, 0x05, 0x07, 0x07, 0x07, 0x05, 0x07 },
        { 0x07, 0x05, 0x05, 0x05, 0x05, 0x05, 0x07 },
        { 0x00, 0x07, 0x07, 0x05, 0x07, 0x07, 0x00 },
        { 0x07, 0x05, 0x05, 0x05, 0x05, 0x05, 0x07 },
        { 0x00, 0x07, 0x07, 0x07, 0x07, 0x07, 0x00 },
    },
    /* Icon 22 */
    {
        { 0x00, 0x00, 0x00, 0x07, 0x00, 0x00, 0x00 },
        { 0x00, 0x00, 0x07, 0x05, 0x07, 0x00, 0x00 },
        { 0x00, 0x07, 0x07, 0x05, 0x05, 0x07, 0x00 },
        { 0x07, 0x05, 0x07, 0x07, 0x07, 0x05, 0x07 },
        { 0x05, 0x07, 0x05, 0x07, 0x05, 0x07, 0x05 },
        { 0x07, 0x05, 0x07, 0x00, 0x07, 0x05, 0x07 },
        { 0x00, 0x07, 0x00, 0x00, 0x00, 0x07, 0x00 },
    },
    /* Icon 23 */
    {
        { 0x00, 0x00, 0x07, 0x07, 0x07, 0x07, 0x00 },
        { 0x00, 0x07, 0x05, 0x05, 0x05, 0x05, 0x07 },
        { 0x07, 0x05, 0x05, 0x05, 0x05, 0x05, 0x07 },
        { 0x00, 0x07, 0x07, 0x05, 0x07, 0x07, 0x00 },
        { 0x00, 0x00, 0x07, 0x05, 0x07, 0x00, 0x00 },
        { 0x00, 0x00, 0x07, 0x05, 0x07, 0x00, 0x00 },
        { 0x00, 0x00, 0x00, 0x07, 0x00, 0x00, 0x00 },
    },
    /* Icon 24 */
    {
        { 0x00, 0x07, 0x00, 0x00, 0x00, 0x07, 0x00 },
        { 0x07, 0x05, 0x07, 0x05, 0x07, 0x05, 0x07 },
        { 0x07, 0x05, 0x05, 0x05, 0x05, 0x05, 0x07 },
        { 0x07, 0x05, 0x05, 0x05, 0x05, 0x05, 0x07 },
        { 0x07, 0x05, 0x05, 0x05, 0x05, 0x05, 0x07 },
        { 0x07, 0x05, 0x05, 0x05, 0x05, 0x05, 0x07 },
        { 0x00, 0x07, 0x07, 0x07, 0x07, 0x07, 0x00 },
    },
    /* Icon 25 */
    {
        { 0x00, 0x07, 0x05, 0x05, 0x05, 0x07, 0x00 },
        { 0x00, 0x07, 0x05, 0x05, 0x05, 0x07, 0x00 },
        { 0x00, 0x07, 0x07, 0x05, 0x07, 0x07, 0x00 },
        { 0x07, 0x05, 0x05, 0x05, 0x05, 0x05, 0x07 },
        { 0x00, 0x07, 0x07, 0x05, 0x07, 0x07, 0x00 },
        { 0x00, 0x07, 0x05, 0x07, 0x05, 0x07, 0x00 },
        { 0x00, 0x07, 0x05, 0x07, 0x05, 0x07, 0x00 },
    },
    /* Icon 26 */
    {
        { 0x00, 0x07, 0x07, 0x07, 0x07, 0x07, 0x00 },
        { 0x00, 0x07, 0x05, 0x05, 0x05, 0x07, 0x00 },
        { 0x00, 0x07, 0x05, 0x05, 0x05, 0x07, 0x00 },
        { 0x00, 0x07, 0x05, 0x05, 0x05, 0x07, 0x00 },
        { 0x00, 0x07, 0x05, 0x07, 0x07, 0x00, 0x00 },
        { 0x00, 0x07, 0x05, 0x05, 0x07, 0x00, 0x00 },
        { 0x00, 0x00, 0x07, 0x05, 0x07, 0x00, 0x00 },
    },
    /* Icon 27 */
    {
        { 0x00, 0x00, 0x07, 0x05, 0x07, 0x00, 0x00 },
        { 0x00, 0x07, 0x05, 0x05, 0x05, 0x07, 0x00 },
        { 0x00, 0x07, 0x05, 0x05, 0x05, 0x07, 0x00 },
        { 0x07, 0x05, 0x05, 0x05, 0x05, 0x05, 0x07 },
        { 0x00, 0x07, 0x05, 0x05, 0x05, 0x07, 0x00 },
        { 0x00, 0x07, 0x05, 0x05, 0x05, 0x07, 0x00 },
        { 0x00, 0x00, 0x07, 0x05, 0x07, 0x00, 0x00 },
    },
    /* Icon 28 */
    {
        { 0x00, 0x07, 0x07, 0x00, 0x00, 0x00, 0x00 },
        { 0x07, 0x05, 0x05, 0x07, 0x07, 0x00, 0x00 },
        { 0x07, 0x05, 0x05, 0x05, 0x05, 0x07, 0x00 },
        { 0x07, 0x05, 0x05, 0x07, 0x05, 0x07, 0x00 },
        { 0x07, 0x05, 0x05, 0x07, 0x07, 0x00, 0x00 },
        { 0x07, 0x05, 0x05, 0x07, 0x00, 0x00, 0x00 },
        { 0x00, 0x07, 0x07, 0x00, 0x00, 0x00, 0x00 },
    },
    /* Icon 29 */
    {
        { 0x00, 0x00, 0x07, 0x07, 0x07, 0x00, 0x00 },
        { 0x00, 0x07, 0x05, 0x05, 0x05, 0x07, 0x00 },
        { 0x07, 0x05, 0x07, 0x07, 0x07, 0x05, 0x07 },
        { 0x07, 0x05, 0x07, 0x07, 0x07, 0x05, 0x07 },
        { 0x07, 0x05, 0x05, 0x05, 0x05, 0x05, 0x07 },
        { 0x00, 0x07, 0x05, 0x07, 0x05, 0x07, 0x00 },
        { 0x00, 0x00, 0x07, 0x00, 0x07, 0x00, 0x00 },
    },
    /* Icon 30 */
    {
        { 0x00, 0x00, 0x07, 0x05, 0x07, 0x00, 0x00 },
        { 0x00, 0x00, 0x07, 0x05, 0x07, 0x00, 0x00 },
        { 0x00, 0x07, 0x05, 0x05, 0x05, 0x07, 0x00 },
        { 0x07, 0x05, 0x05, 0x05, 0x05, 0x05, 0x07 },
        { 0x05, 0x05, 0x07, 0x05, 0x07, 0x05, 0x05 },
        { 0x05, 0x07, 0x07, 0x05, 0x07, 0x07, 0x05 },
        { 0x07, 0x00, 0x07, 0x05, 0x05, 0x07, 0x07 },
    },
    /* Icon 31 */
    {
        { 0x00, 0x00, 0x00, 0x00, 0x00, 0x00, 0x00 },
        { 0x00, 0x00, 0x00, 0x07, 0x00, 0x00, 0x00 },
        { 0x00, 0x00, 0x07, 0x05, 0x07, 0x00, 0x00 },
        { 0x00, 0x07, 0x05, 0x07, 0x05, 0x07, 0x00 },
        { 0x07, 0x05, 0x07, 0x07, 0x07, 0x05, 0x07 },
        { 0x07, 0x05, 0x05, 0x05, 0x05, 0x05, 0x07 },
        { 0x00, 0x07, 0x07, 0x07, 0x07, 0x07, 0x00 },
    },
    /* Icon 32 */
    {
        { 0x00, 0x07, 0x07, 0x07, 0x00, 0x00, 0x00 },
        { 0x07, 0x05, 0x05, 0x05, 0x07, 0x07, 0x00 },
        { 0x07, 0x05, 0x05, 0x05, 0x05, 0x05, 0x07 },
        { 0x07, 0x05, 0x05, 0x05, 0x07, 0x05, 0x07 },
        { 0x07, 0x05, 0x05, 0x05, 0x05, 0x05, 0x07 },
        { 0x07, 0x05, 0x05, 0x05, 0x07, 0x07, 0x00 },
        { 0x00, 0x07, 0x07, 0x07, 0x00, 0x00, 0x00 },
    },
    /* Icon 33 */
    {
        { 0x00, 0x00, 0x00, 0x07, 0x07, 0x07, 0x00 },
        { 0x00, 0x00, 0x07, 0x05, 0x05, 0x05, 0x07 },
        { 0x00, 0x00, 0x07, 0x05, 0x07, 0x07, 0x00 },
        { 0x00, 0x07, 0x05, 0x05, 0x05, 0x07, 0x00 },
        { 0x07, 0x05, 0x05, 0x05, 0x05, 0x05, 0x07 },
        { 0x00, 0x07, 0x07, 0x07, 0x07, 0x07, 0x00 },
        { 0x00, 0x00, 0x05, 0x00, 0x05, 0x00, 0x00 },
    },
    /* Icon 34 */
    {
        { 0x00, 0x00, 0x07, 0x05, 0x07, 0x00, 0x00 },
        { 0x00, 0x07, 0x05, 0x05, 0x05, 0x07, 0x00 },
        { 0x00, 0x07, 0x05, 0x07, 0x07, 0x00, 0x00 },
        { 0x00, 0x07, 0x05, 0x05, 0x05, 0x07, 0x00 },
        { 0x00, 0x00, 0x07, 0x07, 0x05, 0x07, 0x00 },
        { 0x00, 0x07, 0x05, 0x05, 0x05, 0x07, 0x00 },
        { 0x00, 0x00, 0x07, 0x05, 0x07, 0x00, 0x00 },
    },
    /* Icon 35 */
    {
        { 0x00, 0x07, 0x00, 0x00, 0x00, 0x07, 0x00 },
        { 0x07, 0x05, 0x07, 0x00, 0x07, 0x05, 0x07 },
        { 0x00, 0x07, 0x05, 0x07, 0x05, 0x07, 0x00 },
        { 0x00, 0x00, 0x07, 0x05, 0x07, 0x00, 0x00 },
        { 0x00, 0x07, 0x05, 0x07, 0x05, 0x07, 0x00 },
        { 0x07, 0x05, 0x07, 0x00, 0x07, 0x05, 0x07 },
        { 0x00, 0x07, 0x00, 0x00, 0x00, 0x07, 0x00 },
    },
    /* Icon 36 */
    {
        { 0x00, 0x00, 0x00, 0x00, 0x00, 0x00, 0x00 },
        { 0x00, 0x00, 0x00, 0x00, 0x00, 0x00, 0x00 },
        { 0x00, 0x00, 0x00, 0x00, 0x00, 0x00, 0x00 },
        { 0x00, 0x00, 0x00, 0x00, 0x00, 0x00, 0x00 },
        { 0x00, 0x00, 0x00, 0x00, 0x00, 0x00, 0x00 },
        { 0x00, 0x00, 0x00, 0x00, 0x00, 0x00, 0x00 },
        { 0x00, 0x00, 0x00, 0x00, 0x00, 0x00, 0x00 },
    },
    /* Icon 37 */
    {
        { 0x00, 0x00, 0x00, 0x00, 0x00, 0x00, 0x00 },
        { 0x00, 0x00, 0x00, 0x00, 0x00, 0x00, 0x00 },
        { 0x00, 0x00, 0x00, 0x00, 0x00, 0x00, 0x00 },
        { 0x00, 0x00, 0x00, 0x00, 0x00, 0x00, 0x00 },
        { 0x00, 0x00, 0x00, 0x00, 0x00, 0x00, 0x00 },
        { 0x00, 0x00, 0x00, 0x00, 0x00, 0x00, 0x00 },
        { 0x00, 0x00, 0x00, 0x00, 0x00, 0x00, 0x00 },
    },
    /* Icon 38 */
    {
        { 0x00, 0x00, 0x00, 0x00, 0x00, 0x00, 0x00 },
        { 0x00, 0x00, 0x00, 0x00, 0x00, 0x00, 0x00 },
        { 0x00, 0x00, 0x00, 0x00, 0x00, 0x00, 0x00 },
        { 0x00, 0x00, 0x00, 0x00, 0x00, 0x00, 0x00 },
        { 0x00, 0x00, 0x00, 0x00, 0x00, 0x00, 0x00 },
        { 0x00, 0x00, 0x00, 0x00, 0x00, 0x00, 0x00 },
        { 0x00, 0x00, 0x00, 0x00, 0x00, 0x00, 0x00 },
    },
    /* Icon 39 */
    {
        { 0x00, 0x00, 0x00, 0x00, 0x00, 0x00, 0x00 },
        { 0x00, 0x00, 0x00, 0x00, 0x00, 0x00, 0x00 },
        { 0x00, 0x00, 0x00, 0x00, 0x00, 0x00, 0x00 },
        { 0x00, 0x00, 0x00, 0x00, 0x00, 0x00, 0x00 },
        { 0x00, 0x00, 0x00, 0x00, 0x00, 0x00, 0x00 },
        { 0x00, 0x00, 0x00, 0x00, 0x00, 0x00, 0x00 },
        { 0x00, 0x00, 0x00, 0x00, 0x00, 0x00, 0x00 },
    },
    /* Icon 40 */
    {
        { 0x00, 0x00, 0x00, 0x00, 0x00, 0x00, 0x00 },
        { 0x00, 0x00, 0x00, 0x00, 0x00, 0x00, 0x00 },
        { 0x00, 0x00, 0x00, 0x00, 0x00, 0x00, 0x00 },
        { 0x00, 0x00, 0x00, 0x00, 0x00, 0x00, 0x00 },
        { 0x00, 0x00, 0x00, 0x00, 0x00, 0x00, 0x00 },
        { 0x00, 0x00, 0x00, 0x00, 0x00, 0x00, 0x00 },
        { 0x00, 0x00, 0x00, 0x00, 0x00, 0x00, 0x00 },
    },
    /* Icon 41 */
    {
        { 0x00, 0x00, 0x00, 0x00, 0x00, 0x00, 0x00 },
        { 0x00, 0x00, 0x00, 0x00, 0x00, 0x00, 0x00 },
        { 0x00, 0x00, 0x00, 0x00, 0x00, 0x00, 0x00 },
        { 0x00, 0x00, 0x00, 0x00, 0x00, 0x00, 0x00 },
        { 0x00, 0x00, 0x00, 0x00, 0x00, 0x00, 0x00 },
        { 0x00, 0x00, 0x00, 0x00, 0x00, 0x00, 0x00 },
        { 0x00, 0x00, 0x00, 0x00, 0x00, 0x00, 0x00 },
    },
    /* Icon 42 */
    {
        { 0x00, 0x00, 0x00, 0x00, 0x00, 0x00, 0x00 },
        { 0x00, 0x00, 0x00, 0x00, 0x00, 0x00, 0x00 },
        { 0x00, 0x00, 0x00, 0x00, 0x00, 0x00, 0x00 },
        { 0x00, 0x00, 0x00, 0x00, 0x00, 0x00, 0x00 },
        { 0x00, 0x00, 0x00, 0x00, 0x00, 0x00, 0x00 },
        { 0x00, 0x00, 0x00, 0x00, 0x00, 0x00, 0x00 },
        { 0x00, 0x00, 0x00, 0x00, 0x00, 0x00, 0x00 },
    },
    /* Icon 43 */
    {
        { 0x00, 0x00, 0x00, 0x00, 0x00, 0x00, 0x00 },
        { 0x00, 0x00, 0x00, 0x00, 0x00, 0x00, 0x00 },
        { 0x00, 0x00, 0x00, 0x00, 0x00, 0x00, 0x00 },
        { 0x00, 0x00, 0x00, 0x00, 0x00, 0x00, 0x00 },
        { 0x00, 0x00, 0x00, 0x00, 0x00, 0x00, 0x00 },
        { 0x00, 0x00, 0x00, 0x00, 0x00, 0x00, 0x00 },
        { 0x00, 0x00, 0x00, 0x00, 0x00, 0x00, 0x00 },
    },
    /* Icon 44 */
    {
        { 0x00, 0x00, 0x00, 0x00, 0x00, 0x00, 0x00 },
        { 0x00, 0x00, 0x00, 0x00, 0x00, 0x00, 0x00 },
        { 0x00, 0x00, 0x00, 0x00, 0x00, 0x00, 0x00 },
        { 0x00, 0x00, 0x00, 0x00, 0x00, 0x00, 0x00 },
        { 0x00, 0x00, 0x00, 0x00, 0x00, 0x00, 0x00 },
        { 0x00, 0x00, 0x00, 0x00, 0x00, 0x00, 0x00 },
        { 0x00, 0x00, 0x00, 0x00, 0x00, 0x00, 0x00 },
    },
    /* Icon 45 */
    {
        { 0x00, 0x00, 0x00, 0x00, 0x00, 0x00, 0x00 },
        { 0x00, 0x00, 0x00, 0x00, 0x00, 0x00, 0x00 },
        { 0x00, 0x00, 0x00, 0x00, 0x00, 0x00, 0x00 },
        { 0x00, 0x00, 0x00, 0x00, 0x00, 0x00, 0x00 },
        { 0x00, 0x00, 0x00, 0x00, 0x00, 0x00, 0x00 },
        { 0x00, 0x00, 0x00, 0x00, 0x00, 0x00, 0x00 },
        { 0x00, 0x00, 0x00, 0x00, 0x00, 0x00, 0x00 },
    },
    /* Icon 46 */
    {
        { 0x00, 0x00, 0x00, 0x00, 0x00, 0x00, 0x00 },
        { 0x00, 0x00, 0x00, 0x00, 0x00, 0x00, 0x00 },
        { 0x00, 0x00, 0x00, 0x00, 0x00, 0x00, 0x00 },
        { 0x00, 0x00, 0x00, 0x00, 0x00, 0x00, 0x00 },
        { 0x00, 0x00, 0x00, 0x00, 0x00, 0x00, 0x00 },
        { 0x00, 0x00, 0x00, 0x00, 0x00, 0x00, 0x00 },
        { 0x00, 0x00, 0x00, 0x00, 0x00, 0x00, 0x00 },
    },
    /* Icon 47 */
    {
        { 0x00, 0x00, 0x00, 0x00, 0x00, 0x00, 0x00 },
        { 0x00, 0x00, 0x00, 0x00, 0x00, 0x00, 0x00 },
        { 0x00, 0x00, 0x00, 0x00, 0x00, 0x00, 0x00 },
        { 0x00, 0x00, 0x00, 0x00, 0x00, 0x00, 0x00 },
        { 0x00, 0x00, 0x00, 0x00, 0x00, 0x00, 0x00 },
        { 0x00, 0x00, 0x00, 0x00, 0x00, 0x00, 0x00 },
        { 0x00, 0x00, 0x00, 0x00, 0x00, 0x00, 0x00 },
    },
    /* Icon 48 */
    {
        { 0x00, 0x00, 0x00, 0x00, 0x00, 0x00, 0x00 },
        { 0x00, 0x00, 0x00, 0x00, 0x00, 0x00, 0x00 },
        { 0x00, 0x00, 0x00, 0x00, 0x00, 0x00, 0x00 },
        { 0x00, 0x00, 0x00, 0x00, 0x00, 0x00, 0x00 },
        { 0x00, 0x00, 0x00, 0x00, 0x00, 0x00, 0x00 },
        { 0x00, 0x00, 0x00, 0x00, 0x00, 0x00, 0x00 },
        { 0x00, 0x00, 0x00, 0x00, 0x00, 0x00, 0x00 },
    },
    /* Icon 49 */
    {
        { 0x00, 0x00, 0x00, 0x00, 0x00, 0x00, 0x00 },
        { 0x00, 0x00, 0x00, 0x00, 0x00, 0x00, 0x00 },
        { 0x00, 0x00, 0x00, 0x00, 0x00, 0x00, 0x00 },
        { 0x00, 0x00, 0x00, 0x00, 0x00, 0x00, 0x00 },
        { 0x00, 0x00, 0x00, 0x00, 0x00, 0x00, 0x00 },
        { 0x00, 0x00, 0x00, 0x00, 0x00, 0x00, 0x00 },
        { 0x00, 0x00, 0x00, 0x00, 0x00, 0x00, 0x00 },
    },
    /* Icon 50 */
    {
        { 0x00, 0x00, 0x00, 0x00, 0x00, 0x00, 0x00 },
        { 0x00, 0x00, 0x00, 0x00, 0x00, 0x00, 0x00 },
        { 0x00, 0x00, 0x00, 0x00, 0x00, 0x00, 0x00 },
        { 0x00, 0x00, 0x00, 0x00, 0x00, 0x00, 0x00 },
        { 0x00, 0x00, 0x00, 0x00, 0x00, 0x00, 0x00 },
        { 0x00, 0x00, 0x00, 0x00, 0x00, 0x00, 0x00 },
        { 0x00, 0x00, 0x00, 0x00, 0x00, 0x00, 0x00 },
    },
    /* Icon 51 */
    {
        { 0x00, 0x00, 0x00, 0x00, 0x00, 0x00, 0x00 },
        { 0x00, 0x00, 0x00, 0x00, 0x00, 0x00, 0x00 },
        { 0x00, 0x00, 0x00, 0x00, 0x00, 0x00, 0x00 },
        { 0x00, 0x00, 0x00, 0x00, 0x00, 0x00, 0x00 },
        { 0x00, 0x00, 0x00, 0x00, 0x00, 0x00, 0x00 },
        { 0x00, 0x00, 0x00, 0x00, 0x00, 0x00, 0x00 },
        { 0x00, 0x00, 0x00, 0x00, 0x00, 0x00, 0x00 },
    },
    /* Icon 52 */
    {
        { 0x00, 0x00, 0x00, 0x00, 0x00, 0x00, 0x00 },
        { 0x00, 0x00, 0x00, 0x00, 0x00, 0x00, 0x00 },
        { 0x00, 0x00, 0x00, 0x00, 0x00, 0x00, 0x00 },
        { 0x00, 0x00, 0x00, 0x00, 0x00, 0x00, 0x00 },
        { 0x00, 0x00, 0x00, 0x00, 0x00, 0x00, 0x00 },
        { 0x00, 0x00, 0x00, 0x00, 0x00, 0x00, 0x00 },
        { 0x00, 0x00, 0x00, 0x00, 0x00, 0x00, 0x00 },
    },
    /* Icon 53 */
    {
        { 0x00, 0x00, 0x00, 0x00, 0x00, 0x00, 0x00 },
        { 0x00, 0x00, 0x00, 0x00, 0x00, 0x00, 0x00 },
        { 0x00, 0x00, 0x00, 0x00, 0x00, 0x00, 0x00 },
        { 0x00, 0x00, 0x00, 0x00, 0x00, 0x00, 0x00 },
        { 0x00, 0x00, 0x00, 0x00, 0x00, 0x00, 0x00 },
        { 0x00, 0x00, 0x00, 0x00, 0x00, 0x00, 0x00 },
        { 0x00, 0x00, 0x00, 0x00, 0x00, 0x00, 0x00 },
    },
    /* Icon 54 */
    {
        { 0x00, 0x00, 0x00, 0x00, 0x00, 0x00, 0x00 },
        { 0x00, 0x00, 0x00, 0x00, 0x00, 0x00, 0x00 },
        { 0x00, 0x00, 0x00, 0x00, 0x00, 0x00, 0x00 },
        { 0x00, 0x00, 0x00, 0x00, 0x00, 0x00, 0x00 },
        { 0x00, 0x00, 0x00, 0x00, 0x00, 0x00, 0x00 },
        { 0x00, 0x00, 0x00, 0x00, 0x00, 0x00, 0x00 },
        { 0x00, 0x00, 0x00, 0x00, 0x00, 0x00, 0x00 },
    },
    /* Icon 55 */
    {
        { 0x00, 0x00, 0x00, 0x00, 0x00, 0x00, 0x00 },
        { 0x00, 0x00, 0x00, 0x00, 0x00, 0x00, 0x00 },
        { 0x00, 0x00, 0x00, 0x00, 0x00, 0x00, 0x00 },
        { 0x00, 0x00, 0x00, 0x00, 0x00, 0x00, 0x00 },
        { 0x00, 0x00, 0x00, 0x00, 0x00, 0x00, 0x00 },
        { 0x00, 0x00, 0x00, 0x00, 0x00, 0x00, 0x00 },
        { 0x00, 0x00, 0x00, 0x00, 0x00, 0x00, 0x00 },
    },
    /* Icon 56 */
    {
        { 0x00, 0x00, 0x00, 0x00, 0x00, 0x00, 0x00 },
        { 0x00, 0x00, 0x00, 0x00, 0x00, 0x00, 0x00 },
        { 0x00, 0x00, 0x00, 0x00, 0x00, 0x00, 0x00 },
        { 0x00, 0x00, 0x00, 0x00, 0x00, 0x00, 0x00 },
        { 0x00, 0x00, 0x00, 0x00, 0x00, 0x00, 0x00 },
        { 0x00, 0x00, 0x00, 0x00, 0x00, 0x00, 0x00 },
        { 0x00, 0x00, 0x00, 0x00, 0x00, 0x00, 0x00 },
    },
    /* Icon 57 */
    {
        { 0x00, 0x00, 0x00, 0x00, 0x00, 0x00, 0x00 },
        { 0x00, 0x00, 0x00, 0x00, 0x00, 0x00, 0x00 },
        { 0x00, 0x00, 0x00, 0x00, 0x00, 0x00, 0x00 },
        { 0x00, 0x00, 0x00, 0x00, 0x00, 0x00, 0x00 },
        { 0x00, 0x00, 0x00, 0x00, 0x00, 0x00, 0x00 },
        { 0x00, 0x00, 0x00, 0x00, 0x00, 0x00, 0x00 },
        { 0x00, 0x00, 0x00, 0x00, 0x00, 0x00, 0x00 },
    },
    /* Icon 58 */
    {
        { 0x00, 0x00, 0x00, 0x00, 0x00, 0x00, 0x00 },
        { 0x00, 0x00, 0x00, 0x00, 0x00, 0x00, 0x00 },
        { 0x00, 0x00, 0x00, 0x00, 0x00, 0x00, 0x00 },
        { 0x00, 0x00, 0x00, 0x00, 0x00, 0x00, 0x00 },
        { 0x00, 0x00, 0x00, 0x00, 0x00, 0x00, 0x00 },
        { 0x00, 0x00, 0x00, 0x00, 0x00, 0x00, 0x00 },
        { 0x00, 0x00, 0x00, 0x00, 0x00, 0x00, 0x00 },
    },
    /* Icon 59 */
    {
        { 0x00, 0x00, 0x00, 0x00, 0x00, 0x00, 0x00 },
        { 0x00, 0x00, 0x00, 0x00, 0x00, 0x00, 0x00 },
        { 0x00, 0x00, 0x00, 0x00, 0x00, 0x00, 0x00 },
        { 0x00, 0x00, 0x00, 0x00, 0x00, 0x00, 0x00 },
        { 0x00, 0x00, 0x00, 0x00, 0x00, 0x00, 0x00 },
        { 0x00, 0x00, 0x00, 0x00, 0x00, 0x00, 0x00 },
        { 0x00, 0x00, 0x00, 0x00, 0x00, 0x00, 0x00 },
    },
    /* Icon 60 */
    {
        { 0x00, 0x00, 0x00, 0x00, 0x00, 0x00, 0x00 },
        { 0x00, 0x00, 0x00, 0x00, 0x00, 0x00, 0x00 },
        { 0x00, 0x00, 0x00, 0x00, 0x00, 0x00, 0x00 },
        { 0x00, 0x00, 0x00, 0x00, 0x00, 0x00, 0x00 },
        { 0x00, 0x00, 0x00, 0x00, 0x00, 0x00, 0x00 },
        { 0x00, 0x00, 0x00, 0x00, 0x00, 0x00, 0x00 },
        { 0x00, 0x00, 0x00, 0x00, 0x00, 0x00, 0x00 },
    },
    /* Icon 61 */
    {
        { 0x00, 0x00, 0x00, 0x00, 0x00, 0x00, 0x00 },
        { 0x00, 0x00, 0x00, 0x00, 0x00, 0x00, 0x00 },
        { 0x00, 0x00, 0x00, 0x00, 0x00, 0x00, 0x00 },
        { 0x00, 0x00, 0x00, 0x00, 0x00, 0x00, 0x00 },
        { 0x00, 0x00, 0x00, 0x00, 0x00, 0x00, 0x00 },
        { 0x00, 0x00, 0x00, 0x00, 0x00, 0x00, 0x00 },
        { 0x00, 0x00, 0x00, 0x00, 0x00, 0x00, 0x00 },
    },
    /* Icon 62 */
    {
        { 0x00, 0x00, 0x00, 0x00, 0x00, 0x00, 0x00 },
        { 0x00, 0x00, 0x00, 0x00, 0x00, 0x00, 0x00 },
        { 0x00, 0x00, 0x00, 0x00, 0x00, 0x00, 0x00 },
        { 0x00, 0x00, 0x00, 0x00, 0x00, 0x00, 0x00 },
        { 0x00, 0x00, 0x00, 0x00, 0x00, 0x00, 0x00 },
        { 0x00, 0x00, 0x00, 0x00, 0x00, 0x00, 0x00 },
        { 0x00, 0x00, 0x00, 0x00, 0x00, 0x00, 0x00 },
    },
    /* Icon 63 */
    {
        { 0x00, 0x00, 0x00, 0x00, 0x00, 0x00, 0x00 },
        { 0x00, 0x00, 0x00, 0x00, 0x00, 0x00, 0x00 },
        { 0x00, 0x00, 0x00, 0x00, 0x00, 0x00, 0x00 },
        { 0x00, 0x00, 0x00, 0x00, 0x00, 0x00, 0x00 },
        { 0x00, 0x00, 0x00, 0x00, 0x00, 0x00, 0x00 },
        { 0x00, 0x00, 0x00, 0x00, 0x00, 0x00, 0x00 },
        { 0x00, 0x00, 0x00, 0x00, 0x00, 0x00, 0x00 },
    },
    /* Icon 64 */
    {
        { 0x00, 0x00, 0x00, 0x00, 0x00, 0x00, 0x00 },
        { 0x00, 0x00, 0x00, 0x00, 0x00, 0x00, 0x00 },
        { 0x00, 0x00, 0x00, 0x00, 0x00, 0x00, 0x00 },
        { 0x00, 0x00, 0x00, 0x00, 0x00, 0x00, 0x00 },
        { 0x00, 0x00, 0x00, 0x00, 0x00, 0x00, 0x00 },
        { 0x00, 0x00, 0x00, 0x00, 0x00, 0x00, 0x00 },
        { 0x00, 0x00, 0x00, 0x00, 0x00, 0x00, 0x00 },
    },
    /* Icon 65 */
    {
        { 0x00, 0x00, 0x00, 0x00, 0x00, 0x00, 0x00 },
        { 0x00, 0x00, 0x00, 0x00, 0x00, 0x00, 0x00 },
        { 0x00, 0x00, 0x00, 0x00, 0x00, 0x00, 0x00 },
        { 0x00, 0x00, 0x00, 0x00, 0x00, 0x00, 0x00 },
        { 0x00, 0x00, 0x00, 0x00, 0x00, 0x00, 0x00 },
        { 0x00, 0x00, 0x00, 0x00, 0x00, 0x00, 0x00 },
        { 0x00, 0x00, 0x00, 0x00, 0x00, 0x00, 0x00 },
    },
    /* Icon 66 */
    {
        { 0x00, 0x00, 0x00, 0x00, 0x00, 0x00, 0x00 },
        { 0x00, 0x00, 0x00, 0x00, 0x00, 0x00, 0x00 },
        { 0x00, 0x00, 0x00, 0x00, 0x00, 0x00, 0x00 },
        { 0x00, 0x00, 0x00, 0x00, 0x00, 0x00, 0x00 },
        { 0x00, 0x00, 0x00, 0x00, 0x00, 0x00, 0x00 },
        { 0x00, 0x00, 0x00, 0x00, 0x00, 0x00, 0x00 },
        { 0x00, 0x00, 0x00, 0x00, 0x00, 0x00, 0x00 },
    },
    /* Icon 67 */
    {
        { 0x00, 0x00, 0x00, 0x00, 0x00, 0x00, 0x00 },
        { 0x00, 0x00, 0x00, 0x00, 0x00, 0x00, 0x00 },
        { 0x00, 0x00, 0x00, 0x00, 0x00, 0x00, 0x00 },
        { 0x00, 0x00, 0x00, 0x00, 0x00, 0x00, 0x00 },
        { 0x00, 0x00, 0x00, 0x00, 0x00, 0x00, 0x00 },
        { 0x00, 0x00, 0x00, 0x00, 0x00, 0x00, 0x00 },
        { 0x00, 0x00, 0x00, 0x00, 0x00, 0x00, 0x00 },
    },
    /* Icon 68 */
    {
        { 0x00, 0x00, 0x00, 0x00, 0x00, 0x00, 0x00 },
        { 0x00, 0x00, 0x00, 0x00, 0x00, 0x00, 0x00 },
        { 0x00, 0x00, 0x00, 0x00, 0x00, 0x00, 0x00 },
        { 0x00, 0x00, 0x00, 0x00, 0x00, 0x00, 0x00 },
        { 0x00, 0x00, 0x00, 0x00, 0x00, 0x00, 0x00 },
        { 0x00, 0x00, 0x00, 0x00, 0x00, 0x00, 0x00 },
        { 0x00, 0x00, 0x00, 0x00, 0x00, 0x00, 0x00 },
    },
    /* Icon 69 */
    {
        { 0x00, 0x00, 0x00, 0x00, 0x00, 0x00, 0x00 },
        { 0x00, 0x00, 0x00, 0x00, 0x00, 0x00, 0x00 },
        { 0x00, 0x00, 0x00, 0x00, 0x00, 0x00, 0x00 },
        { 0x00, 0x00, 0x00, 0x00, 0x00, 0x00, 0x00 },
        { 0x00, 0x00, 0x00, 0x00, 0x00, 0x00, 0x00 },
        { 0x00, 0x00, 0x00, 0x00, 0x00, 0x00, 0x00 },
        { 0x00, 0x00, 0x00, 0x00, 0x00, 0x00, 0x00 },
    },
    /* Icon 70 */
    {
        { 0x00, 0x00, 0x00, 0x00, 0x00, 0x00, 0x00 },
        { 0x00, 0x00, 0x00, 0x00, 0x00, 0x00, 0x00 },
        { 0x00, 0x00, 0x00, 0x00, 0x00, 0x00, 0x00 },
        { 0x00, 0x00, 0x00, 0x00, 0x00, 0x00, 0x00 },
        { 0x00, 0x00, 0x00, 0x00, 0x00, 0x00, 0x00 },
        { 0x00, 0x00, 0x00, 0x00, 0x00, 0x00, 0x00 },
        { 0x00, 0x00, 0x00, 0x00, 0x00, 0x00, 0x00 },
    },
    /* Icon 71 */
    {
        { 0x00, 0x00, 0x00, 0x00, 0x00, 0x00, 0x00 },
        { 0x00, 0x00, 0x00, 0x00, 0x00, 0x00, 0x00 },
        { 0x00, 0x00, 0x00, 0x00, 0x00, 0x00, 0x00 },
        { 0x00, 0x00, 0x00, 0x00, 0x00, 0x00, 0x00 },
        { 0x00, 0x00, 0x00, 0x00, 0x00, 0x00, 0x00 },
        { 0x00, 0x00, 0x00, 0x00, 0x00, 0x00, 0x00 },
        { 0x00, 0x00, 0x00, 0x00, 0x00, 0x00, 0x00 },
    },
    /* Icon 72 */
    {
        { 0x00, 0x00, 0x00, 0x00, 0x00, 0x00, 0x00 },
        { 0x00, 0x00, 0x00, 0x00, 0x00, 0x00, 0x00 },
        { 0x00, 0x00, 0x00, 0x00, 0x00, 0x00, 0x00 },
        { 0x00, 0x00, 0x00, 0x00, 0x00, 0x00, 0x00 },
        { 0x00, 0x00, 0x00, 0x00, 0x00, 0x00, 0x00 },
        { 0x00, 0x00, 0x00, 0x00, 0x00, 0x00, 0x00 },
        { 0x00, 0x00, 0x00, 0x00, 0x00, 0x00, 0x00 },
    },
    /* Icon 73 */
    {
        { 0x00, 0x00, 0x00, 0x00, 0x00, 0x00, 0x00 },
        { 0x00, 0x00, 0x00, 0x00, 0x00, 0x00, 0x00 },
        { 0x00, 0x00, 0x00, 0x00, 0x00, 0x00, 0x00 },
        { 0x00, 0x00, 0x00, 0x00, 0x00, 0x00, 0x00 },
        { 0x00, 0x00, 0x00, 0x00, 0x00, 0x00, 0x00 },
        { 0x00, 0x00, 0x00, 0x00, 0x00, 0x00, 0x00 },
        { 0x00, 0x00, 0x00, 0x00, 0x00, 0x00, 0x00 },
    },
    /* Icon 74 */
    {
        { 0x00, 0x00, 0x00, 0x00, 0x00, 0x00, 0x00 },
        { 0x00, 0x00, 0x00, 0x00, 0x00, 0x00, 0x00 },
        { 0x00, 0x00, 0x00, 0x00, 0x00, 0x00, 0x00 },
        { 0x00, 0x00, 0x00, 0x00, 0x00, 0x00, 0x00 },
        { 0x00, 0x00, 0x00, 0x00, 0x00, 0x00, 0x00 },
        { 0x00, 0x00, 0x00, 0x00, 0x00, 0x00, 0x00 },
        { 0x00, 0x00, 0x00, 0x00, 0x00, 0x00, 0x00 },
    },
    /* Icon 75 */
    {
        { 0x00, 0x00, 0x00, 0x00, 0x00, 0x00, 0x00 },
        { 0x00, 0x00, 0x00, 0x00, 0x00, 0x00, 0x00 },
        { 0x00, 0x00, 0x00, 0x00, 0x00, 0x00, 0x00 },
        { 0x00, 0x00, 0x00, 0x00, 0x00, 0x00, 0x00 },
        { 0x00, 0x00, 0x00, 0x00, 0x00, 0x00, 0x00 },
        { 0x00, 0x00, 0x00, 0x00, 0x00, 0x00, 0x00 },
        { 0x00, 0x00, 0x00, 0x00, 0x00, 0x00, 0x00 },
    },
    /* Icon 76 */
    {
        { 0x00, 0x00, 0x00, 0x00, 0x00, 0x00, 0x00 },
        { 0x00, 0x00, 0x00, 0x00, 0x00, 0x00, 0x00 },
        { 0x00, 0x00, 0x00, 0x00, 0x00, 0x00, 0x00 },
        { 0x00, 0x00, 0x00, 0x00, 0x00, 0x00, 0x00 },
        { 0x00, 0x00, 0x00, 0x00, 0x00, 0x00, 0x00 },
        { 0x00, 0x00, 0x00, 0x00, 0x00, 0x00, 0x00 },
        { 0x00, 0x00, 0x00, 0x00, 0x00, 0x00, 0x00 },
    },
    /* Icon 77 */
    {
        { 0x00, 0x00, 0x00, 0x00, 0x00, 0x00, 0x00 },
        { 0x00, 0x00, 0x00, 0x00, 0x00, 0x00, 0x00 },
        { 0x00, 0x00, 0x00, 0x00, 0x00, 0x00, 0x00 },
        { 0x00, 0x00, 0x00, 0x00, 0x00, 0x00, 0x00 },
        { 0x00, 0x00, 0x00, 0x00, 0x00, 0x00, 0x00 },
        { 0x00, 0x00, 0x00, 0x00, 0x00, 0x00, 0x00 },
        { 0x00, 0x00, 0x00, 0x00, 0x00, 0x00, 0x00 },
    },
    /* Icon 78 */
    {
        { 0x00, 0x00, 0x00, 0x00, 0x00, 0x00, 0x00 },
        { 0x00, 0x00, 0x00, 0x00, 0x00, 0x00, 0x00 },
        { 0x00, 0x00, 0x00, 0x00, 0x00, 0x00, 0x00 },
        { 0x00, 0x00, 0x00, 0x00, 0x00, 0x00, 0x00 },
        { 0x00, 0x00, 0x00, 0x00, 0x00, 0x00, 0x00 },
        { 0x00, 0x00, 0x00, 0x00, 0x00, 0x00, 0x00 },
        { 0x00, 0x00, 0x00, 0x00, 0x00, 0x00, 0x00 },
    },
    /* Icon 79 */
    {
        { 0x00, 0x00, 0x00, 0x00, 0x00, 0x00, 0x00 },
        { 0x00, 0x00, 0x00, 0x00, 0x00, 0x00, 0x00 },
        { 0x00, 0x00, 0x00, 0x00, 0x00, 0x00, 0x00 },
        { 0x00, 0x00, 0x00, 0x00, 0x00, 0x00, 0x00 },
        { 0x00, 0x00, 0x00, 0x00, 0x00, 0x00, 0x00 },
        { 0x00, 0x00, 0x00, 0x00, 0x00, 0x00, 0x00 },
        { 0x00, 0x00, 0x00, 0x00, 0x00, 0x00, 0x00 },
    },
    /* Icon 80 */
    {
        { 0x00, 0x00, 0x00, 0x00, 0x00, 0x00, 0x00 },
        { 0x00, 0x00, 0x00, 0x00, 0x00, 0x00, 0x00 },
        { 0x00, 0x00, 0x00, 0x00, 0x00, 0x00, 0x00 },
        { 0x00, 0x00, 0x00, 0x00, 0x00, 0x00, 0x00 },
        { 0x00, 0x00, 0x00, 0x00, 0x00, 0x00, 0x00 },
        { 0x00, 0x00, 0x00, 0x00, 0x00, 0x00, 0x00 },
        { 0x00, 0x00, 0x00, 0x00, 0x00, 0x00, 0x00 },
    },
    /* Icon 81 */
    {
        { 0x00, 0x00, 0x00, 0x00, 0x00, 0x00, 0x00 },
        { 0x00, 0x00, 0x00, 0x00, 0x00, 0x00, 0x00 },
        { 0x00, 0x00, 0x00, 0x00, 0x00, 0x00, 0x00 },
        { 0x00, 0x00, 0x00, 0x00, 0x00, 0x00, 0x00 },
        { 0x00, 0x00, 0x00, 0x00, 0x00, 0x00, 0x00 },
        { 0x00, 0x00, 0x00, 0x00, 0x00, 0x00, 0x00 },
        { 0x00, 0x00, 0x00, 0x00, 0x00, 0x00, 0x00 },
    },
    /* Icon 82 */
    {
        { 0x00, 0x00, 0x00, 0x00, 0x00, 0x00, 0x00 },
        { 0x00, 0x00, 0x00, 0x00, 0x00, 0x00, 0x00 },
        { 0x00, 0x00, 0x00, 0x00, 0x00, 0x00, 0x00 },
        { 0x00, 0x00, 0x00, 0x00, 0x00, 0x00, 0x00 },
        { 0x00, 0x00, 0x00, 0x00, 0x00, 0x00, 0x00 },
        { 0x00, 0x00, 0x00, 0x00, 0x00, 0x00, 0x00 },
        { 0x00, 0x00, 0x00, 0x00, 0x00, 0x00, 0x00 },
    },
    /* Icon 83 */
    {
        { 0x00, 0x00, 0x00, 0x00, 0x00, 0x00, 0x00 },
        { 0x00, 0x00, 0x00, 0x00, 0x00, 0x00, 0x00 },
        { 0x00, 0x00, 0x00, 0x00, 0x00, 0x00, 0x00 },
        { 0x00, 0x00, 0x00, 0x00, 0x00, 0x00, 0x00 },
        { 0x00, 0x00, 0x00, 0x00, 0x00, 0x00, 0x00 },
        { 0x00, 0x00, 0x00, 0x00, 0x00, 0x00, 0x00 },
        { 0x00, 0x00, 0x00, 0x00, 0x00, 0x00, 0x00 },
    },
    /* Icon 84 */
    {
        { 0x00, 0x00, 0x00, 0x00, 0x00, 0x00, 0x00 },
        { 0x00, 0x00, 0x00, 0x00, 0x00, 0x00, 0x00 },
        { 0x00, 0x00, 0x00, 0x00, 0x00, 0x00, 0x00 },
        { 0x00, 0x00, 0x00, 0x00, 0x00, 0x00, 0x00 },
        { 0x00, 0x00, 0x00, 0x00, 0x00, 0x00, 0x00 },
        { 0x00, 0x00, 0x00, 0x00, 0x00, 0x00, 0x00 },
        { 0x00, 0x00, 0x00, 0x00, 0x00, 0x00, 0x00 },
    },
    /* Icon 85 */
    {
        { 0x00, 0x00, 0x00, 0x00, 0x00, 0x00, 0x00 },
        { 0x00, 0x00, 0x00, 0x00, 0x00, 0x00, 0x00 },
        { 0x00, 0x00, 0x00, 0x00, 0x00, 0x00, 0x00 },
        { 0x00, 0x00, 0x00, 0x00, 0x00, 0x00, 0x00 },
        { 0x00, 0x00, 0x00, 0x00, 0x00, 0x00, 0x00 },
        { 0x00, 0x00, 0x00, 0x00, 0x00, 0x00, 0x00 },
        { 0x00, 0x00, 0x00, 0x00, 0x00, 0x00, 0x00 },
    },
    /* Icon 86 */
    {
        { 0x00, 0x00, 0x00, 0x00, 0x00, 0x00, 0x00 },
        { 0x00, 0x00, 0x00, 0x00, 0x00, 0x00, 0x00 },
        { 0x00, 0x00, 0x00, 0x00, 0x00, 0x00, 0x00 },
        { 0x00, 0x00, 0x00, 0x00, 0x00, 0x00, 0x00 },
        { 0x00, 0x00, 0x00, 0x00, 0x00, 0x00, 0x00 },
        { 0x00, 0x00, 0x00, 0x00, 0x00, 0x00, 0x00 },
        { 0x00, 0x00, 0x00, 0x00, 0x00, 0x00, 0x00 },
    },
    /* Icon 87 */
    {
        { 0x00, 0x00, 0x00, 0x00, 0x00, 0x00, 0x00 },
        { 0x00, 0x00, 0x00, 0x00, 0x00, 0x00, 0x00 },
        { 0x00, 0x00, 0x00, 0x00, 0x00, 0x00, 0x00 },
        { 0x00, 0x00, 0x00, 0x00, 0x00, 0x00, 0x00 },
        { 0x00, 0x00, 0x00, 0x00, 0x00, 0x00, 0x00 },
        { 0x00, 0x00, 0x00, 0x00, 0x00, 0x00, 0x00 },
        { 0x00, 0x00, 0x00, 0x00, 0x00, 0x00, 0x00 },
    },
    /* Icon 88 */
    {
        { 0x00, 0x00, 0x00, 0x00, 0x00, 0x00, 0x00 },
        { 0x00, 0x00, 0x00, 0x00, 0x00, 0x00, 0x00 },
        { 0x00, 0x00, 0x00, 0x00, 0x00, 0x00, 0x00 },
        { 0x00, 0x00, 0x00, 0x00, 0x00, 0x00, 0x00 },
        { 0x00, 0x00, 0x00, 0x00, 0x00, 0x00, 0x00 },
        { 0x00, 0x00, 0x00, 0x00, 0x00, 0x00, 0x00 },
        { 0x00, 0x00, 0x00, 0x00, 0x00, 0x00, 0x00 },
    },
    /* Icon 89 */
    {
        { 0x00, 0x00, 0x00, 0x00, 0x00, 0x00, 0x00 },
        { 0x00, 0x00, 0x00, 0x00, 0x00, 0x00, 0x00 },
        { 0x00, 0x00, 0x00, 0x00, 0x00, 0x00, 0x00 },
        { 0x00, 0x00, 0x00, 0x00, 0x00, 0x00, 0x00 },
        { 0x00, 0x00, 0x00, 0x00, 0x00, 0x00, 0x00 },
        { 0x00, 0x00, 0x00, 0x00, 0x00, 0x00, 0x00 },
        { 0x00, 0x00, 0x00, 0x00, 0x00, 0x00, 0x00 },
    },
    /* Icon 90 */
    {
        { 0x00, 0x00, 0x00, 0x00, 0x00, 0x00, 0x00 },
        { 0x00, 0x00, 0x00, 0x00, 0x00, 0x00, 0x00 },
        { 0x00, 0x00, 0x00, 0x00, 0x00, 0x00, 0x00 },
        { 0x00, 0x00, 0x00, 0x00, 0x00, 0x00, 0x00 },
        { 0x00, 0x00, 0x00, 0x00, 0x00, 0x00, 0x00 },
        { 0x00, 0x00, 0x00, 0x00, 0x00, 0x00, 0x00 },
        { 0x00, 0x00, 0x00, 0x00, 0x00, 0x00, 0x00 },
    },
    /* Icon 91 */
    {
        { 0x00, 0x00, 0x00, 0x00, 0x00, 0x00, 0x00 },
        { 0x00, 0x00, 0x00, 0x00, 0x00, 0x00, 0x00 },
        { 0x00, 0x00, 0x00, 0x00, 0x00, 0x00, 0x00 },
        { 0x00, 0x00, 0x00, 0x00, 0x00, 0x00, 0x00 },
        { 0x00, 0x00, 0x00, 0x00, 0x00, 0x00, 0x00 },
        { 0x00, 0x00, 0x00, 0x00, 0x00, 0x00, 0x00 },
        { 0x00, 0x00, 0x00, 0x00, 0x00, 0x00, 0x00 },
    },
    /* Icon 92 */
    {
        { 0x00, 0x00, 0x00, 0x00, 0x00, 0x00, 0x00 },
        { 0x00, 0x00, 0x00, 0x00, 0x00, 0x00, 0x00 },
        { 0x00, 0x00, 0x00, 0x00, 0x00, 0x00, 0x00 },
        { 0x00, 0x00, 0x00, 0x00, 0x00, 0x00, 0x00 },
        { 0x00, 0x00, 0x00, 0x00, 0x00, 0x00, 0x00 },
        { 0x00, 0x00, 0x00, 0x00, 0x00, 0x00, 0x00 },
        { 0x00, 0x00, 0x00, 0x00, 0x00, 0x00, 0x00 },
    },
    /* Icon 93 */
    {
        { 0x00, 0x00, 0x00, 0x00, 0x00, 0x00, 0x00 },
        { 0x00, 0x00, 0x00, 0x00, 0x00, 0x00, 0x00 },
        { 0x00, 0x00, 0x00, 0x00, 0x00, 0x00, 0x00 },
        { 0x00, 0x00, 0x00, 0x00, 0x00, 0x00, 0x00 },
        { 0x00, 0x00, 0x00, 0x00, 0x00, 0x00, 0x00 },
        { 0x00, 0x00, 0x00, 0x00, 0x00, 0x00, 0x00 },
        { 0x00, 0x00, 0x00, 0x00, 0x00, 0x00, 0x00 },
    },
    /* Icon 94 */
    {
        { 0x00, 0x00, 0x00, 0x00, 0x00, 0x00, 0x00 },
        { 0x00, 0x00, 0x00, 0x00, 0x00, 0x00, 0x00 },
        { 0x00, 0x00, 0x00, 0x00, 0x00, 0x00, 0x00 },
        { 0x00, 0x00, 0x00, 0x00, 0x00, 0x00, 0x00 },
        { 0x00, 0x00, 0x00, 0x00, 0x00, 0x00, 0x00 },
        { 0x00, 0x00, 0x00, 0x00, 0x00, 0x00, 0x00 },
        { 0x00, 0x00, 0x00, 0x00, 0x00, 0x00, 0x00 },
    },
    /* Icon 95 */
    {
        { 0x00, 0x00, 0x00, 0x00, 0x00, 0x00, 0x00 },
        { 0x00, 0x00, 0x00, 0x00, 0x00, 0x00, 0x00 },
        { 0x00, 0x00, 0x00, 0x00, 0x00, 0x00, 0x00 },
        { 0x00, 0x00, 0x00, 0x00, 0x00, 0x00, 0x00 },
        { 0x00, 0x00, 0x00, 0x00, 0x00, 0x00, 0x00 },
        { 0x00, 0x00, 0x00, 0x00, 0x00, 0x00, 0x00 },
        { 0x00, 0x00, 0x00, 0x00, 0x00, 0x00, 0x00 },
    },
    /* Icon 96 */
    {
        { 0x00, 0x00, 0x00, 0x00, 0x00, 0x00, 0x00 },
        { 0x00, 0x00, 0x00, 0x00, 0x00, 0x00, 0x00 },
        { 0x00, 0x00, 0x00, 0x00, 0x00, 0x00, 0x00 },
        { 0x00, 0x00, 0x00, 0x00, 0x00, 0x00, 0x00 },
        { 0x00, 0x00, 0x00, 0x00, 0x00, 0x00, 0x00 },
        { 0x00, 0x00, 0x00, 0x00, 0x00, 0x00, 0x00 },
        { 0x00, 0x00, 0x00, 0x00, 0x00, 0x00, 0x00 },
    },
    /* Icon 97 */
    {
        { 0x00, 0x00, 0x00, 0x00, 0x00, 0x00, 0x00 },
        { 0x00, 0x00, 0x00, 0x00, 0x00, 0x00, 0x00 },
        { 0x00, 0x00, 0x00, 0x00, 0x00, 0x00, 0x00 },
        { 0x00, 0x00, 0x00, 0x00, 0x00, 0x00, 0x00 },
        { 0x00, 0x00, 0x00, 0x00, 0x00, 0x00, 0x00 },
        { 0x00, 0x00, 0x00, 0x00, 0x00, 0x00, 0x00 },
        { 0x00, 0x00, 0x00, 0x00, 0x00, 0x00, 0x00 },
    },
    /* Icon 98 */
    {
        { 0x00, 0x00, 0x00, 0x00, 0x00, 0x00, 0x00 },
        { 0x00, 0x00, 0x00, 0x00, 0x00, 0x00, 0x00 },
        { 0x00, 0x00, 0x00, 0x00, 0x00, 0x00, 0x00 },
        { 0x00, 0x00, 0x00, 0x00, 0x00, 0x00, 0x00 },
        { 0x00, 0x00, 0x00, 0x00, 0x00, 0x00, 0x00 },
        { 0x00, 0x00, 0x00, 0x00, 0x00, 0x00, 0x00 },
        { 0x00, 0x00, 0x00, 0x00, 0x00, 0x00, 0x00 },
    },
    /* Icon 99 */
    {
        { 0x00, 0x00, 0x00, 0x00, 0x00, 0x00, 0x00 },
        { 0x00, 0x00, 0x00, 0x00, 0x00, 0x00, 0x00 },
        { 0x00, 0x00, 0x00, 0x00, 0x00, 0x00, 0x00 },
        { 0x00, 0x00, 0x00, 0x00, 0x00, 0x00, 0x00 },
        { 0x00, 0x00, 0x00, 0x00, 0x00, 0x00, 0x00 },
        { 0x00, 0x00, 0x00, 0x00, 0x00, 0x00, 0x00 },
        { 0x00, 0x00, 0x00, 0x00, 0x00, 0x00, 0x00 },
    },
    /* Icon 100 */
    {
        { 0x00, 0x00, 0x00, 0x00, 0x00, 0x00, 0x00 },
        { 0x00, 0x00, 0x00, 0x00, 0x00, 0x00, 0x00 },
        { 0x00, 0x00, 0x00, 0x00, 0x00, 0x00, 0x00 },
        { 0x00, 0x00, 0x00, 0x00, 0x00, 0x00, 0x00 },
        { 0x00, 0x00, 0x00, 0x00, 0x00, 0x00, 0x00 },
        { 0x00, 0x00, 0x00, 0x00, 0x00, 0x00, 0x00 },
        { 0x00, 0x00, 0x00, 0x00, 0x00, 0x00, 0x00 },
    },
    /* Icon 101 */
    {
        { 0x00, 0x00, 0x00, 0x00, 0x00, 0x00, 0x00 },
        { 0x00, 0x00, 0x00, 0x00, 0x00, 0x00, 0x00 },
        { 0x00, 0x00, 0x00, 0x00, 0x00, 0x00, 0x00 },
        { 0x00, 0x00, 0x00, 0x00, 0x00, 0x00, 0x00 },
        { 0x00, 0x00, 0x00, 0x00, 0x00, 0x00, 0x00 },
        { 0x00, 0x00, 0x00, 0x00, 0x00, 0x00, 0x00 },
        { 0x00, 0x00, 0x00, 0x00, 0x00, 0x00, 0x00 },
    },
    /* Icon 102 */
    {
        { 0x00, 0x00, 0x00, 0x00, 0x00, 0x00, 0x00 },
        { 0x00, 0x00, 0x00, 0x00, 0x00, 0x00, 0x00 },
        { 0x00, 0x00, 0x00, 0x00, 0x00, 0x00, 0x00 },
        { 0x00, 0x00, 0x00, 0x00, 0x00, 0x00, 0x00 },
        { 0x00, 0x00, 0x00, 0x00, 0x00, 0x00, 0x00 },
        { 0x00, 0x00, 0x00, 0x00, 0x00, 0x00, 0x00 },
        { 0x00, 0x00, 0x00, 0x00, 0x00, 0x00, 0x00 },
    },
    /* Icon 103 */
    {
        { 0x00, 0x00, 0x00, 0x00, 0x00, 0x00, 0x00 },
        { 0x00, 0x00, 0x00, 0x00, 0x00, 0x00, 0x00 },
        { 0x00, 0x00, 0x00, 0x00, 0x00, 0x00, 0x00 },
        { 0x00, 0x00, 0x00, 0x00, 0x00, 0x00, 0x00 },
        { 0x00, 0x00, 0x00, 0x00, 0x00, 0x00, 0x00 },
        { 0x00, 0x00, 0x00, 0x00, 0x00, 0x00, 0x00 },
        { 0x00, 0x00, 0x00, 0x00, 0x00, 0x00, 0x00 },
    },
    /* Icon 104 */
    {
        { 0x00, 0x00, 0x00, 0x00, 0x00, 0x00, 0x00 },
        { 0x00, 0x00, 0x00, 0x00, 0x00, 0x00, 0x00 },
        { 0x00, 0x00, 0x00, 0x00, 0x00, 0x00, 0x00 },
        { 0x00, 0x00, 0x00, 0x00, 0x00, 0x00, 0x00 },
        { 0x00, 0x00, 0x00, 0x00, 0x00, 0x00, 0x00 },
        { 0x00, 0x00, 0x00, 0x00, 0x00, 0x00, 0x00 },
        { 0x00, 0x00, 0x00, 0x00, 0x00, 0x00, 0x00 },
    },
    /* Icon 105 */
    {
        { 0x00, 0x00, 0x00, 0x00, 0x00, 0x00, 0x00 },
        { 0x00, 0x00, 0x00, 0x00, 0x00, 0x00, 0x00 },
        { 0x00, 0x00, 0x00, 0x00, 0x00, 0x00, 0x00 },
        { 0x00, 0x00, 0x00, 0x00, 0x00, 0x00, 0x00 },
        { 0x00, 0x00, 0x00, 0x00, 0x00, 0x00, 0x00 },
        { 0x00, 0x00, 0x00, 0x00, 0x00, 0x00, 0x00 },
        { 0x00, 0x00, 0x00, 0x00, 0x00, 0x00, 0x00 },
    },
    /* Icon 106 */
    {
        { 0x00, 0x00, 0x00, 0x00, 0x00, 0x00, 0x00 },
        { 0x00, 0x00, 0x00, 0x00, 0x00, 0x00, 0x00 },
        { 0x00, 0x00, 0x00, 0x00, 0x00, 0x00, 0x00 },
        { 0x00, 0x00, 0x00, 0x00, 0x00, 0x00, 0x00 },
        { 0x00, 0x00, 0x00, 0x00, 0x00, 0x00, 0x00 },
        { 0x00, 0x00, 0x00, 0x00, 0x00, 0x00, 0x00 },
        { 0x00, 0x00, 0x00, 0x00, 0x00, 0x00, 0x00 },
    },
    /* Icon 107 */
    {
        { 0x00, 0x00, 0x00, 0x00, 0x00, 0x00, 0x00 },
        { 0x00, 0x00, 0x00, 0x00, 0x00, 0x00, 0x00 },
        { 0x00, 0x00, 0x00, 0x00, 0x00, 0x00, 0x00 },
        { 0x00, 0x00, 0x00, 0x00, 0x00, 0x00, 0x00 },
        { 0x00, 0x00, 0x00, 0x00, 0x00, 0x00, 0x00 },
        { 0x00, 0x00, 0x00, 0x00, 0x00, 0x00, 0x00 },
        { 0x00, 0x00, 0x00, 0x00, 0x00, 0x00, 0x00 },
    },
    /* Icon 108 */
    {
        { 0x00, 0x00, 0x00, 0x00, 0x00, 0x00, 0x00 },
        { 0x00, 0x00, 0x00, 0x00, 0x00, 0x00, 0x00 },
        { 0x00, 0x00, 0x00, 0x00, 0x00, 0x00, 0x00 },
        { 0x00, 0x00, 0x00, 0x00, 0x00, 0x00, 0x00 },
        { 0x00, 0x00, 0x00, 0x00, 0x00, 0x00, 0x00 },
        { 0x00, 0x00, 0x00, 0x00, 0x00, 0x00, 0x00 },
        { 0x00, 0x00, 0x00, 0x00, 0x00, 0x00, 0x00 },
    },
    /* Icon 109 */
    {
        { 0x00, 0x00, 0x00, 0x00, 0x00, 0x00, 0x00 },
        { 0x00, 0x00, 0x00, 0x00, 0x00, 0x00, 0x00 },
        { 0x00, 0x00, 0x00, 0x00, 0x00, 0x00, 0x00 },
        { 0x00, 0x00, 0x00, 0x00, 0x00, 0x00, 0x00 },
        { 0x00, 0x00, 0x00, 0x00, 0x00, 0x00, 0x00 },
        { 0x00, 0x00, 0x00, 0x00, 0x00, 0x00, 0x00 },
        { 0x00, 0x00, 0x00, 0x00, 0x00, 0x00, 0x00 },
    },
    /* Icon 110 */
    {
        { 0x00, 0x00, 0x00, 0x00, 0x00, 0x00, 0x00 },
        { 0x00, 0x00, 0x00, 0x00, 0x00, 0x00, 0x00 },
        { 0x00, 0x00, 0x00, 0x00, 0x00, 0x00, 0x00 },
        { 0x00, 0x00, 0x00, 0x00, 0x00, 0x00, 0x00 },
        { 0x00, 0x00, 0x00, 0x00, 0x00, 0x00, 0x00 },
        { 0x00, 0x00, 0x00, 0x00, 0x00, 0x00, 0x00 },
        { 0x00, 0x00, 0x00, 0x00, 0x00, 0x00, 0x00 },
    },
    /* Icon 111 */
    {
        { 0x00, 0x00, 0x00, 0x00, 0x00, 0x00, 0x00 },
        { 0x00, 0x00, 0x00, 0x00, 0x00, 0x00, 0x00 },
        { 0x00, 0x00, 0x00, 0x00, 0x00, 0x00, 0x00 },
        { 0x00, 0x00, 0x00, 0x00, 0x00, 0x00, 0x00 },
        { 0x00, 0x00, 0x00, 0x00, 0x00, 0x00, 0x00 },
        { 0x00, 0x00, 0x00, 0x00, 0x00, 0x00, 0x00 },
        { 0x00, 0x00, 0x00, 0x00, 0x00, 0x00, 0x00 },
    },
    /* Icon 112 */
    {
        { 0x00, 0x00, 0x00, 0x00, 0x00, 0x00, 0x00 },
        { 0x00, 0x00, 0x00, 0x00, 0x00, 0x00, 0x00 },
        { 0x00, 0x00, 0x00, 0x00, 0x00, 0x00, 0x00 },
        { 0x00, 0x00, 0x00, 0x00, 0x00, 0x00, 0x00 },
        { 0x00, 0x00, 0x00, 0x00, 0x00, 0x00, 0x00 },
        { 0x00, 0x00, 0x00, 0x00, 0x00, 0x00, 0x00 },
        { 0x00, 0x00, 0x00, 0x00, 0x00, 0x00, 0x00 },
    },
    /* Icon 113 */
    {
        { 0x00, 0x00, 0x00, 0x00, 0x00, 0x00, 0x00 },
        { 0x00, 0x00, 0x00, 0x00, 0x00, 0x00, 0x00 },
        { 0x00, 0x00, 0x00, 0x00, 0x00, 0x00, 0x00 },
        { 0x00, 0x00, 0x00, 0x00, 0x00, 0x00, 0x00 },
        { 0x00, 0x00, 0x00, 0x00, 0x00, 0x00, 0x00 },
        { 0x00, 0x00, 0x00, 0x00, 0x00, 0x00, 0x00 },
        { 0x00, 0x00, 0x00, 0x00, 0x00, 0x00, 0x00 },
    },
    /* Icon 114 */
    {
        { 0x00, 0x00, 0x00, 0x00, 0x00, 0x00, 0x00 },
        { 0x00, 0x00, 0x00, 0x00, 0x00, 0x00, 0x00 },
        { 0x00, 0x00, 0x00, 0x00, 0x00, 0x00, 0x00 },
        { 0x00, 0x00, 0x00, 0x00, 0x00, 0x00, 0x00 },
        { 0x00, 0x00, 0x00, 0x00, 0x00, 0x00, 0x00 },
        { 0x00, 0x00, 0x00, 0x00, 0x00, 0x00, 0x00 },
        { 0x00, 0x00, 0x00, 0x00, 0x00, 0x00, 0x00 },
    },
    /* Icon 115 */
    {
        { 0x00, 0x00, 0x00, 0x00, 0x00, 0x00, 0x00 },
        { 0x00, 0x00, 0x00, 0x00, 0x00, 0x00, 0x00 },
        { 0x00, 0x00, 0x00, 0x00, 0x00, 0x00, 0x00 },
        { 0x00, 0x00, 0x00, 0x00, 0x00, 0x00, 0x00 },
        { 0x00, 0x00, 0x00, 0x00, 0x00, 0x00, 0x00 },
        { 0x00, 0x00, 0x00, 0x00, 0x00, 0x00, 0x00 },
        { 0x00, 0x00, 0x00, 0x00, 0x00, 0x00, 0x00 },
    },
    /* Icon 116 */
    {
        { 0x00, 0x00, 0x00, 0x00, 0x00, 0x00, 0x00 },
        { 0x00, 0x00, 0x00, 0x00, 0x00, 0x00, 0x00 },
        { 0x00, 0x00, 0x00, 0x00, 0x00, 0x00, 0x00 },
        { 0x00, 0x00, 0x00, 0x00, 0x00, 0x00, 0x00 },
        { 0x00, 0x00, 0x00, 0x00, 0x00, 0x00, 0x00 },
        { 0x00, 0x00, 0x00, 0x00, 0x00, 0x00, 0x00 },
        { 0x00, 0x00, 0x00, 0x00, 0x00, 0x00, 0x00 },
    },
    /* Icon 117 */
    {
        { 0x00, 0x00, 0x00, 0x00, 0x00, 0x00, 0x00 },
        { 0x00, 0x00, 0x00, 0x00, 0x00, 0x00, 0x00 },
        { 0x00, 0x00, 0x00, 0x00, 0x00, 0x00, 0x00 },
        { 0x00, 0x00, 0x00, 0x00, 0x00, 0x00, 0x00 },
        { 0x00, 0x00, 0x00, 0x00, 0x00, 0x00, 0x00 },
        { 0x00, 0x00, 0x00, 0x00, 0x00, 0x00, 0x00 },
        { 0x00, 0x00, 0x00, 0x00, 0x00, 0x00, 0x00 },
    },
    /* Icon 118 */
    {
        { 0x00, 0x00, 0x00, 0x00, 0x00, 0x00, 0x00 },
        { 0x00, 0x00, 0x00, 0x00, 0x00, 0x00, 0x00 },
        { 0x00, 0x00, 0x00, 0x00, 0x00, 0x00, 0x00 },
        { 0x00, 0x00, 0x00, 0x00, 0x00, 0x00, 0x00 },
        { 0x00, 0x00, 0x00, 0x00, 0x00, 0x00, 0x00 },
        { 0x00, 0x00, 0x00, 0x00, 0x00, 0x00, 0x00 },
        { 0x00, 0x00, 0x00, 0x00, 0x00, 0x00, 0x00 },
    },
    /* Icon 119 */
    {
        { 0x00, 0x00, 0x00, 0x00, 0x00, 0x00, 0x00 },
        { 0x00, 0x00, 0x00, 0x00, 0x00, 0x00, 0x00 },
        { 0x00, 0x00, 0x00, 0x00, 0x00, 0x00, 0x00 },
        { 0x00, 0x00, 0x00, 0x00, 0x00, 0x00, 0x00 },
        { 0x00, 0x00, 0x00, 0x00, 0x00, 0x00, 0x00 },
        { 0x00, 0x00, 0x00, 0x00, 0x00, 0x00, 0x00 },
        { 0x00, 0x00, 0x00, 0x00, 0x00, 0x00, 0x00 },
    },
    /* Icon 120 */
    {
        { 0x00, 0x00, 0x00, 0x00, 0x00, 0x00, 0x00 },
        { 0x00, 0x00, 0x00, 0x00, 0x00, 0x00, 0x00 },
        { 0x00, 0x00, 0x00, 0x00, 0x00, 0x00, 0x00 },
        { 0x00, 0x00, 0x00, 0x00, 0x00, 0x00, 0x00 },
        { 0x00, 0x00, 0x00, 0x00, 0x00, 0x00, 0x00 },
        { 0x00, 0x00, 0x00, 0x00, 0x00, 0x00, 0x00 },
        { 0x00, 0x00, 0x00, 0x00, 0x00, 0x00, 0x00 },
    },
    /* Icon 121 */
    {
        { 0x00, 0x00, 0x00, 0x00, 0x00, 0x00, 0x00 },
        { 0x00, 0x00, 0x00, 0x00, 0x00, 0x00, 0x00 },
        { 0x00, 0x00, 0x00, 0x00, 0x00, 0x00, 0x00 },
        { 0x00, 0x00, 0x00, 0x00, 0x00, 0x00, 0x00 },
        { 0x00, 0x00, 0x00, 0x00, 0x00, 0x00, 0x00 },
        { 0x00, 0x00, 0x00, 0x00, 0x00, 0x00, 0x00 },
        { 0x00, 0x00, 0x00, 0x00, 0x00, 0x00, 0x00 },
    },
    /* Icon 122 */
    {
        { 0x00, 0x00, 0x00, 0x00, 0x00, 0x00, 0x00 },
        { 0x00, 0x00, 0x00, 0x00, 0x00, 0x00, 0x00 },
        { 0x00, 0x00, 0x00, 0x00, 0x00, 0x00, 0x00 },
        { 0x00, 0x00, 0x00, 0x00, 0x00, 0x00, 0x00 },
        { 0x00, 0x00, 0x00, 0x00, 0x00, 0x00, 0x00 },
        { 0x00, 0x00, 0x00, 0x00, 0x00, 0x00, 0x00 },
        { 0x00, 0x00, 0x00, 0x00, 0x00, 0x00, 0x00 },
    },
    /* Icon 123 */
    {
        { 0x00, 0x00, 0x00, 0x00, 0x00, 0x00, 0x00 },
        { 0x00, 0x00, 0x00, 0x00, 0x00, 0x00, 0x00 },
        { 0x00, 0x00, 0x00, 0x00, 0x00, 0x00, 0x00 },
        { 0x00, 0x00, 0x00, 0x00, 0x00, 0x00, 0x00 },
        { 0x00, 0x00, 0x00, 0x00, 0x00, 0x00, 0x00 },
        { 0x00, 0x00, 0x00, 0x00, 0x00, 0x00, 0x00 },
        { 0x00, 0x00, 0x00, 0x00, 0x00, 0x00, 0x00 },
    },
    /* Icon 124 */
    {
        { 0x00, 0x00, 0x00, 0x00, 0x00, 0x00, 0x00 },
        { 0x00, 0x00, 0x00, 0x00, 0x00, 0x00, 0x00 },
        { 0x00, 0x00, 0x00, 0x00, 0x00, 0x00, 0x00 },
        { 0x00, 0x00, 0x00, 0x00, 0x00, 0x00, 0x00 },
        { 0x00, 0x00, 0x00, 0x00, 0x00, 0x00, 0x00 },
        { 0x00, 0x00, 0x00, 0x00, 0x00, 0x00, 0x00 },
        { 0x00, 0x00, 0x00, 0x00, 0x00, 0x00, 0x00 },
    },
    /* Icon 125 */
    {
        { 0x00, 0x00, 0x00, 0x00, 0x00, 0x00, 0x00 },
        { 0x00, 0x00, 0x00, 0x00, 0x00, 0x00, 0x00 },
        { 0x00, 0x00, 0x00, 0x00, 0x00, 0x00, 0x00 },
        { 0x00, 0x00, 0x00, 0x00, 0x00, 0x00, 0x00 },
        { 0x00, 0x00, 0x00, 0x00, 0x00, 0x00, 0x00 },
        { 0x00, 0x00, 0x00, 0x00, 0x00, 0x00, 0x00 },
        { 0x00, 0x00, 0x00, 0x00, 0x00, 0x00, 0x00 },
    },
    /* Icon 126 */
    {
        { 0x00, 0x00, 0x00, 0x00, 0x00, 0x00, 0x00 },
        { 0x00, 0x00, 0x00, 0x00, 0x00, 0x00, 0x00 },
        { 0x00, 0x00, 0x00, 0x00, 0x00, 0x00, 0x00 },
        { 0x00, 0x00, 0x00, 0x00, 0x00, 0x00, 0x00 },
        { 0x00, 0x00, 0x00, 0x00, 0x00, 0x00, 0x00 },
        { 0x00, 0x00, 0x00, 0x00, 0x00, 0x00, 0x00 },
        { 0x00, 0x00, 0x00, 0x00, 0x00, 0x00, 0x00 },
    },
    /* Icon 127 */
    {
        { 0x00, 0x00, 0x00, 0x00, 0x00, 0x00, 0x00 },
        { 0x00, 0x00, 0x00, 0x00, 0x00, 0x00, 0x00 },
        { 0x00, 0x00, 0x00, 0x00, 0x00, 0x00, 0x00 },
        { 0x00, 0x00, 0x00, 0x00, 0x00, 0x00, 0x00 },
        { 0x00, 0x00, 0x00, 0x00, 0x00, 0x00, 0x00 },
        { 0x00, 0x00, 0x00, 0x00, 0x00, 0x00, 0x00 },
        { 0x00, 0x00, 0x00, 0x00, 0x00, 0x00, 0x00 },
    },
    /* Icon 128 */
    {
        { 0x00, 0x00, 0x00, 0x00, 0x00, 0x00, 0x00 },
        { 0x00, 0x00, 0x00, 0x00, 0x00, 0x00, 0x00 },
        { 0x00, 0x00, 0x00, 0x00, 0x00, 0x00, 0x00 },
        { 0x00, 0x00, 0x00, 0x00, 0x00, 0x00, 0x00 },
        { 0x00, 0x00, 0x00, 0x00, 0x00, 0x00, 0x00 },
        { 0x00, 0x00, 0x00, 0x00, 0x00, 0x00, 0x00 },
        { 0x00, 0x00, 0x00, 0x00, 0x00, 0x00, 0x00 },
    },
    /* Icon 129 */
    {
        { 0x00, 0x00, 0x00, 0x00, 0x00, 0x00, 0x00 },
        { 0x00, 0x00, 0x00, 0x00, 0x00, 0x00, 0x00 },
        { 0x00, 0x00, 0x00, 0x00, 0x00, 0x00, 0x00 },
        { 0x00, 0x00, 0x00, 0x00, 0x00, 0x00, 0x00 },
        { 0x00, 0x00, 0x00, 0x00, 0x00, 0x00, 0x00 },
        { 0x00, 0x00, 0x00, 0x00, 0x00, 0x00, 0x00 },
        { 0x00, 0x00, 0x00, 0x00, 0x00, 0x00, 0x00 },
    },
    /* Icon 130 */
    {
        { 0x00, 0x00, 0x00, 0x00, 0x00, 0x00, 0x00 },
        { 0x00, 0x00, 0x00, 0x00, 0x00, 0x00, 0x00 },
        { 0x00, 0x00, 0x00, 0x00, 0x00, 0x00, 0x00 },
        { 0x00, 0x00, 0x00, 0x00, 0x00, 0x00, 0x00 },
        { 0x00, 0x00, 0x00, 0x00, 0x00, 0x00, 0x00 },
        { 0x00, 0x00, 0x00, 0x00, 0x00, 0x00, 0x00 },
        { 0x00, 0x00, 0x00, 0x00, 0x00, 0x00, 0x00 },
    },
    /* Icon 131 */
    {
        { 0x00, 0x00, 0x00, 0x00, 0x00, 0x00, 0x00 },
        { 0x00, 0x00, 0x00, 0x00, 0x00, 0x00, 0x00 },
        { 0x00, 0x00, 0x00, 0x00, 0x00, 0x00, 0x00 },
        { 0x00, 0x00, 0x00, 0x00, 0x00, 0x00, 0x00 },
        { 0x00, 0x00, 0x00, 0x00, 0x00, 0x00, 0x00 },
        { 0x00, 0x00, 0x00, 0x00, 0x00, 0x00, 0x00 },
        { 0x00, 0x00, 0x00, 0x00, 0x00, 0x00, 0x00 },
    },
    /* Icon 132 */
    {
        { 0x00, 0x00, 0x00, 0x00, 0x00, 0x00, 0x00 },
        { 0x00, 0x00, 0x00, 0x00, 0x00, 0x00, 0x00 },
        { 0x00, 0x00, 0x00, 0x00, 0x00, 0x00, 0x00 },
        { 0x00, 0x00, 0x00, 0x00, 0x00, 0x00, 0x00 },
        { 0x00, 0x00, 0x00, 0x00, 0x00, 0x00, 0x00 },
        { 0x00, 0x00, 0x00, 0x00, 0x00, 0x00, 0x00 },
        { 0x00, 0x00, 0x00, 0x00, 0x00, 0x00, 0x00 },
    },
    /* Icon 133 */
    {
        { 0x00, 0x00, 0x00, 0x00, 0x00, 0x00, 0x00 },
        { 0x00, 0x00, 0x00, 0x00, 0x00, 0x00, 0x00 },
        { 0x00, 0x00, 0x00, 0x00, 0x00, 0x00, 0x00 },
        { 0x00, 0x00, 0x00, 0x00, 0x00, 0x00, 0x00 },
        { 0x00, 0x00, 0x00, 0x00, 0x00, 0x00, 0x00 },
        { 0x00, 0x00, 0x00, 0x00, 0x00, 0x00, 0x00 },
        { 0x00, 0x00, 0x00, 0x00, 0x00, 0x00, 0x00 },
    },
    /* Icon 134 */
    {
        { 0x00, 0x00, 0x00, 0x00, 0x00, 0x00, 0x00 },
        { 0x00, 0x00, 0x00, 0x00, 0x00, 0x00, 0x00 },
        { 0x00, 0x00, 0x00, 0x00, 0x00, 0x00, 0x00 },
        { 0x00, 0x00, 0x00, 0x00, 0x00, 0x00, 0x00 },
        { 0x00, 0x00, 0x00, 0x00, 0x00, 0x00, 0x00 },
        { 0x00, 0x00, 0x00, 0x00, 0x00, 0x00, 0x00 },
        { 0x00, 0x00, 0x00, 0x00, 0x00, 0x00, 0x00 },
    },
    /* Icon 135 */
    {
        { 0x00, 0x00, 0x00, 0x00, 0x00, 0x00, 0x00 },
        { 0x00, 0x00, 0x00, 0x00, 0x00, 0x00, 0x00 },
        { 0x00, 0x00, 0x00, 0x00, 0x00, 0x00, 0x00 },
        { 0x00, 0x00, 0x00, 0x00, 0x00, 0x00, 0x00 },
        { 0x00, 0x00, 0x00, 0x00, 0x00, 0x00, 0x00 },
        { 0x00, 0x00, 0x00, 0x00, 0x00, 0x00, 0x00 },
        { 0x00, 0x00, 0x00, 0x00, 0x00, 0x00, 0x00 },
    },
    /* Icon 136 */
    {
        { 0x00, 0x00, 0x00, 0x00, 0x00, 0x00, 0x00 },
        { 0x00, 0x00, 0x00, 0x00, 0x00, 0x00, 0x00 },
        { 0x00, 0x00, 0x00, 0x00, 0x00, 0x00, 0x00 },
        { 0x00, 0x00, 0x00, 0x00, 0x00, 0x00, 0x00 },
        { 0x00, 0x00, 0x00, 0x00, 0x00, 0x00, 0x00 },
        { 0x00, 0x00, 0x00, 0x00, 0x00, 0x00, 0x00 },
        { 0x00, 0x00, 0x00, 0x00, 0x00, 0x00, 0x00 },
    },
    /* Icon 137 */
    {
        { 0x00, 0x00, 0x00, 0x00, 0x00, 0x00, 0x00 },
        { 0x00, 0x00, 0x00, 0x00, 0x00, 0x00, 0x00 },
        { 0x00, 0x00, 0x00, 0x00, 0x00, 0x00, 0x00 },
        { 0x00, 0x00, 0x00, 0x00, 0x00, 0x00, 0x00 },
        { 0x00, 0x00, 0x00, 0x00, 0x00, 0x00, 0x00 },
        { 0x00, 0x00, 0x00, 0x00, 0x00, 0x00, 0x00 },
        { 0x00, 0x00, 0x00, 0x00, 0x00, 0x00, 0x00 },
    },
    /* Icon 138 */
    {
        { 0x00, 0x00, 0x00, 0x00, 0x00, 0x00, 0x00 },
        { 0x00, 0x00, 0x00, 0x00, 0x00, 0x00, 0x00 },
        { 0x00, 0x00, 0x00, 0x00, 0x00, 0x00, 0x00 },
        { 0x00, 0x00, 0x00, 0x00, 0x00, 0x00, 0x00 },
        { 0x00, 0x00, 0x00, 0x00, 0x00, 0x00, 0x00 },
        { 0x00, 0x00, 0x00, 0x00, 0x00, 0x00, 0x00 },
        { 0x00, 0x00, 0x00, 0x00, 0x00, 0x00, 0x00 },
    },
    /* Icon 139 */
    {
        { 0x00, 0x00, 0x00, 0x00, 0x00, 0x00, 0x00 },
        { 0x00, 0x00, 0x00, 0x00, 0x00, 0x00, 0x00 },
        { 0x00, 0x00, 0x00, 0x00, 0x00, 0x00, 0x00 },
        { 0x00, 0x00, 0x00, 0x00, 0x00, 0x00, 0x00 },
        { 0x00, 0x00, 0x00, 0x00, 0x00, 0x00, 0x00 },
        { 0x00, 0x00, 0x00, 0x00, 0x00, 0x00, 0x00 },
        { 0x00, 0x00, 0x00, 0x00, 0x00, 0x00, 0x00 },
    },
    /* Icon 140 */
    {
        { 0x00, 0x00, 0x00, 0x00, 0x00, 0x00, 0x00 },
        { 0x00, 0x00, 0x00, 0x00, 0x00, 0x00, 0x00 },
        { 0x00, 0x00, 0x00, 0x00, 0x00, 0x00, 0x00 },
        { 0x00, 0x00, 0x00, 0x00, 0x00, 0x00, 0x00 },
        { 0x00, 0x00, 0x00, 0x00, 0x00, 0x00, 0x00 },
        { 0x00, 0x00, 0x00, 0x00, 0x00, 0x00, 0x00 },
        { 0x00, 0x00, 0x00, 0x00, 0x00, 0x00, 0x00 },
    },
    /* Icon 141 */
    {
        { 0x00, 0x00, 0x00, 0x00, 0x00, 0x00, 0x00 },
        { 0x00, 0x00, 0x00, 0x00, 0x00, 0x00, 0x00 },
        { 0x00, 0x00, 0x00, 0x00, 0x00, 0x00, 0x00 },
        { 0x00, 0x00, 0x00, 0x00, 0x00, 0x00, 0x00 },
        { 0x00, 0x00, 0x00, 0x00, 0x00, 0x00, 0x00 },
        { 0x00, 0x00, 0x00, 0x00, 0x00, 0x00, 0x00 },
        { 0x00, 0x00, 0x00, 0x00, 0x00, 0x00, 0x00 },
    },
    /* Icon 142 */
    {
        { 0x00, 0x00, 0x00, 0x00, 0x00, 0x00, 0x00 },
        { 0x00, 0x00, 0x00, 0x00, 0x00, 0x00, 0x00 },
        { 0x00, 0x00, 0x00, 0x00, 0x00, 0x00, 0x00 },
        { 0x00, 0x00, 0x00, 0x00, 0x00, 0x00, 0x00 },
        { 0x00, 0x00, 0x00, 0x00, 0x00, 0x00, 0x00 },
        { 0x00, 0x00, 0x00, 0x00, 0x00, 0x00, 0x00 },
        { 0x00, 0x00, 0x00, 0x00, 0x00, 0x00, 0x00 },
    },
    /* Icon 143 */
    {
        { 0x00, 0x00, 0x00, 0x00, 0x00, 0x00, 0x00 },
        { 0x00, 0x00, 0x00, 0x00, 0x00, 0x00, 0x00 },
        { 0x00, 0x00, 0x00, 0x00, 0x00, 0x00, 0x00 },
        { 0x00, 0x00, 0x00, 0x00, 0x00, 0x00, 0x00 },
        { 0x00, 0x00, 0x00, 0x00, 0x00, 0x00, 0x00 },
        { 0x00, 0x00, 0x00, 0x00, 0x00, 0x00, 0x00 },
        { 0x00, 0x00, 0x00, 0x00, 0x00, 0x00, 0x00 },
    },
    /* Icon 144 */
    {
        { 0x00, 0x00, 0x00, 0x00, 0x00, 0x00, 0x00 },
        { 0x00, 0x00, 0x00, 0x00, 0x00, 0x00, 0x00 },
        { 0x00, 0x00, 0x00, 0x00, 0x00, 0x00, 0x00 },
        { 0x00, 0x00, 0x00, 0x00, 0x00, 0x00, 0x00 },
        { 0x00, 0x00, 0x00, 0x00, 0x00, 0x00, 0x00 },
        { 0x00, 0x00, 0x00, 0x00, 0x00, 0x00, 0x00 },
        { 0x00, 0x00, 0x00, 0x00, 0x00, 0x00, 0x00 },
    },
    /* Icon 145 */
    {
        { 0x00, 0x00, 0x00, 0x00, 0x00, 0x00, 0x00 },
        { 0x00, 0x00, 0x00, 0x00, 0x00, 0x00, 0x00 },
        { 0x00, 0x00, 0x00, 0x00, 0x00, 0x00, 0x00 },
        { 0x00, 0x00, 0x00, 0x00, 0x00, 0x00, 0x00 },
        { 0x00, 0x00, 0x00, 0x00, 0x00, 0x00, 0x00 },
        { 0x00, 0x00, 0x00, 0x00, 0x00, 0x00, 0x00 },
        { 0x00, 0x00, 0x00, 0x00, 0x00, 0x00, 0x00 },
    },
    /* Icon 146 */
    {
        { 0x00, 0x00, 0x00, 0x00, 0x00, 0x00, 0x00 },
        { 0x00, 0x00, 0x00, 0x00, 0x00, 0x00, 0x00 },
        { 0x00, 0x00, 0x00, 0x00, 0x00, 0x00, 0x00 },
        { 0x00, 0x00, 0x00, 0x00, 0x00, 0x00, 0x00 },
        { 0x00, 0x00, 0x00, 0x00, 0x00, 0x00, 0x00 },
        { 0x00, 0x00, 0x00, 0x00, 0x00, 0x00, 0x00 },
        { 0x00, 0x00, 0x00, 0x00, 0x00, 0x00, 0x00 },
    },
    /* Icon 147 */
    {
        { 0x00, 0x00, 0x00, 0x00, 0x00, 0x00, 0x00 },
        { 0x00, 0x00, 0x00, 0x00, 0x00, 0x00, 0x00 },
        { 0x00, 0x00, 0x00, 0x00, 0x00, 0x00, 0x00 },
        { 0x00, 0x00, 0x00, 0x00, 0x00, 0x00, 0x00 },
        { 0x00, 0x00, 0x00, 0x00, 0x00, 0x00, 0x00 },
        { 0x00, 0x00, 0x00, 0x00, 0x00, 0x00, 0x00 },
        { 0x00, 0x00, 0x00, 0x00, 0x00, 0x00, 0x00 },
    },
    /* Icon 148 */
    {
        { 0x00, 0x00, 0x00, 0x00, 0x00, 0x00, 0x00 },
        { 0x00, 0x00, 0x00, 0x00, 0x00, 0x00, 0x00 },
        { 0x00, 0x00, 0x00, 0x00, 0x00, 0x00, 0x00 },
        { 0x00, 0x00, 0x00, 0x00, 0x00, 0x00, 0x00 },
        { 0x00, 0x00, 0x00, 0x00, 0x00, 0x00, 0x00 },
        { 0x00, 0x00, 0x00, 0x00, 0x00, 0x00, 0x00 },
        { 0x00, 0x00, 0x00, 0x00, 0x00, 0x00, 0x00 },
    },
    /* Icon 149 */
    {
        { 0x00, 0x00, 0x00, 0x00, 0x00, 0x00, 0x00 },
        { 0x00, 0x00, 0x00, 0x00, 0x00, 0x00, 0x00 },
        { 0x00, 0x00, 0x00, 0x00, 0x00, 0x00, 0x00 },
        { 0x00, 0x00, 0x00, 0x00, 0x00, 0x00, 0x00 },
        { 0x00, 0x00, 0x00, 0x00, 0x00, 0x00, 0x00 },
        { 0x00, 0x00, 0x00, 0x00, 0x00, 0x00, 0x00 },
        { 0x00, 0x00, 0x00, 0x00, 0x00, 0x00, 0x00 },
    },
    /* Icon 150 */
    {
        { 0x00, 0x00, 0x00, 0x00, 0x00, 0x00, 0x00 },
        { 0x00, 0x00, 0x00, 0x00, 0x00, 0x00, 0x00 },
        { 0x00, 0x00, 0x00, 0x00, 0x00, 0x00, 0x00 },
        { 0x00, 0x00, 0x00, 0x00, 0x00, 0x00, 0x00 },
        { 0x00, 0x00, 0x00, 0x00, 0x00, 0x00, 0x00 },
        { 0x00, 0x00, 0x00, 0x00, 0x00, 0x00, 0x00 },
        { 0x00, 0x00, 0x00, 0x00, 0x00, 0x00, 0x00 },
    },
    /* Icon 151 */
    {
        { 0x00, 0x00, 0x00, 0x00, 0x00, 0x00, 0x00 },
        { 0x00, 0x00, 0x00, 0x00, 0x00, 0x00, 0x00 },
        { 0x00, 0x00, 0x00, 0x00, 0x00, 0x00, 0x00 },
        { 0x00, 0x00, 0x00, 0x00, 0x00, 0x00, 0x00 },
        { 0x00, 0x00, 0x00, 0x00, 0x00, 0x00, 0x00 },
        { 0x00, 0x00, 0x00, 0x00, 0x00, 0x00, 0x00 },
        { 0x00, 0x00, 0x00, 0x00, 0x00, 0x00, 0x00 },
    },
    /* Icon 152 */
    {
        { 0x00, 0x00, 0x00, 0x00, 0x00, 0x00, 0x00 },
        { 0x00, 0x00, 0x00, 0x00, 0x00, 0x00, 0x00 },
        { 0x00, 0x00, 0x00, 0x00, 0x00, 0x00, 0x00 },
        { 0x00, 0x00, 0x00, 0x00, 0x00, 0x00, 0x00 },
        { 0x00, 0x00, 0x00, 0x00, 0x00, 0x00, 0x00 },
        { 0x00, 0x00, 0x00, 0x00, 0x00, 0x00, 0x00 },
        { 0x00, 0x00, 0x00, 0x00, 0x00, 0x00, 0x00 },
    },
    /* Icon 153 */
    {
        { 0x00, 0x00, 0x00, 0x00, 0x00, 0x00, 0x00 },
        { 0x00, 0x00, 0x00, 0x00, 0x00, 0x00, 0x00 },
        { 0x00, 0x00, 0x00, 0x00, 0x00, 0x00, 0x00 },
        { 0x00, 0x00, 0x00, 0x00, 0x00, 0x00, 0x00 },
        { 0x00, 0x00, 0x00, 0x00, 0x00, 0x00, 0x00 },
        { 0x00, 0x00, 0x00, 0x00, 0x00, 0x00, 0x00 },
        { 0x00, 0x00, 0x00, 0x00, 0x00, 0x00, 0x00 },
    },
    /* Icon 154 */
    {
        { 0x00, 0x00, 0x00, 0x00, 0x00, 0x00, 0x00 },
        { 0x00, 0x00, 0x00, 0x00, 0x00, 0x00, 0x00 },
        { 0x00, 0x00, 0x00, 0x00, 0x00, 0x00, 0x00 },
        { 0x00, 0x00, 0x00, 0x00, 0x00, 0x00, 0x00 },
        { 0x00, 0x00, 0x00, 0x00, 0x00, 0x00, 0x00 },
        { 0x00, 0x00, 0x00, 0x00, 0x00, 0x00, 0x00 },
        { 0x00, 0x00, 0x00, 0x00, 0x00, 0x00, 0x00 },
    },
    /* Icon 155 */
    {
        { 0x00, 0x00, 0x00, 0x00, 0x00, 0x00, 0x00 },
        { 0x00, 0x00, 0x00, 0x00, 0x00, 0x00, 0x00 },
        { 0x00, 0x00, 0x00, 0x00, 0x00, 0x00, 0x00 },
        { 0x00, 0x00, 0x00, 0x00, 0x00, 0x00, 0x00 },
        { 0x00, 0x00, 0x00, 0x00, 0x00, 0x00, 0x00 },
        { 0x00, 0x00, 0x00, 0x00, 0x00, 0x00, 0x00 },
        { 0x00, 0x00, 0x00, 0x00, 0x00, 0x00, 0x00 },
    },
    /* Icon 156 */
    {
        { 0x00, 0x00, 0x00, 0x00, 0x00, 0x00, 0x00 },
        { 0x00, 0x00, 0x00, 0x00, 0x00, 0x00, 0x00 },
        { 0x00, 0x00, 0x00, 0x00, 0x00, 0x00, 0x00 },
        { 0x00, 0x00, 0x00, 0x00, 0x00, 0x00, 0x00 },
        { 0x00, 0x00, 0x00, 0x00, 0x00, 0x00, 0x00 },
        { 0x00, 0x00, 0x00, 0x00, 0x00, 0x00, 0x00 },
        { 0x00, 0x00, 0x00, 0x00, 0x00, 0x00, 0x00 },
    },
    /* Icon 157 */
    {
        { 0x00, 0x00, 0x00, 0x00, 0x00, 0x00, 0x00 },
        { 0x00, 0x00, 0x00, 0x00, 0x00, 0x00, 0x00 },
        { 0x00, 0x00, 0x00, 0x00, 0x00, 0x00, 0x00 },
        { 0x00, 0x00, 0x00, 0x00, 0x00, 0x00, 0x00 },
        { 0x00, 0x00, 0x00, 0x00, 0x00, 0x00, 0x00 },
        { 0x00, 0x00, 0x00, 0x00, 0x00, 0x00, 0x00 },
        { 0x00, 0x00, 0x00, 0x00, 0x00, 0x00, 0x00 },
    },
    /* Icon 158 */
    {
        { 0x00, 0x00, 0x00, 0x00, 0x00, 0x00, 0x00 },
        { 0x00, 0x00, 0x00, 0x00, 0x00, 0x00, 0x00 },
        { 0x00, 0x00, 0x00, 0x00, 0x00, 0x00, 0x00 },
        { 0x00, 0x00, 0x00, 0x00, 0x00, 0x00, 0x00 },
        { 0x00, 0x00, 0x00, 0x00, 0x00, 0x00, 0x00 },
        { 0x00, 0x00, 0x00, 0x00, 0x00, 0x00, 0x00 },
        { 0x00, 0x00, 0x00, 0x00, 0x00, 0x00, 0x00 },
    },
    /* Icon 159 */
    {
        { 0x00, 0x00, 0x00, 0x00, 0x00, 0x00, 0x00 },
        { 0x00, 0x00, 0x00, 0x00, 0x00, 0x00, 0x00 },
        { 0x00, 0x00, 0x00, 0x00, 0x00, 0x00, 0x00 },
        { 0x00, 0x00, 0x00, 0x00, 0x00, 0x00, 0x00 },
        { 0x00, 0x00, 0x00, 0x00, 0x00, 0x00, 0x00 },
        { 0x00, 0x00, 0x00, 0x00, 0x00, 0x00, 0x00 },
        { 0x00, 0x00, 0x00, 0x00, 0x00, 0x00, 0x00 },
    },
    /* Icon 160 */
    {
        { 0x00, 0x00, 0x00, 0x00, 0x00, 0x00, 0x00 },
        { 0x00, 0x00, 0x00, 0x00, 0x00, 0x00, 0x00 },
        { 0x00, 0x00, 0x00, 0x00, 0x00, 0x00, 0x00 },
        { 0x00, 0x00, 0x00, 0x00, 0x00, 0x00, 0x00 },
        { 0x00, 0x00, 0x00, 0x00, 0x00, 0x00, 0x00 },
        { 0x00, 0x00, 0x00, 0x00, 0x00, 0x00, 0x00 },
        { 0x00, 0x00, 0x00, 0x00, 0x00, 0x00, 0x00 },
    },
    /* Icon 161 */
    {
        { 0x00, 0x00, 0x00, 0x00, 0x00, 0x00, 0x00 },
        { 0x00, 0x00, 0x00, 0x00, 0x00, 0x00, 0x00 },
        { 0x00, 0x00, 0x00, 0x00, 0x00, 0x00, 0x00 },
        { 0x00, 0x00, 0x00, 0x00, 0x00, 0x00, 0x00 },
        { 0x00, 0x00, 0x00, 0x00, 0x00, 0x00, 0x00 },
        { 0x00, 0x00, 0x00, 0x00, 0x00, 0x00, 0x00 },
        { 0x00, 0x00, 0x00, 0x00, 0x00, 0x00, 0x00 },
    },
    /* Icon 162 */
    {
        { 0x00, 0x00, 0x00, 0x00, 0x00, 0x00, 0x00 },
        { 0x00, 0x00, 0x00, 0x00, 0x00, 0x00, 0x00 },
        { 0x00, 0x00, 0x00, 0x00, 0x00, 0x00, 0x00 },
        { 0x00, 0x00, 0x00, 0x00, 0x00, 0x00, 0x00 },
        { 0x00, 0x00, 0x00, 0x00, 0x00, 0x00, 0x00 },
        { 0x00, 0x00, 0x00, 0x00, 0x00, 0x00, 0x00 },
        { 0x00, 0x00, 0x00, 0x00, 0x00, 0x00, 0x00 },
    },
    /* Icon 163 */
    {
        { 0x00, 0x00, 0x00, 0x00, 0x00, 0x00, 0x00 },
        { 0x00, 0x00, 0x00, 0x00, 0x00, 0x00, 0x00 },
        { 0x00, 0x00, 0x00, 0x00, 0x00, 0x00, 0x00 },
        { 0x00, 0x00, 0x00, 0x00, 0x00, 0x00, 0x00 },
        { 0x00, 0x00, 0x00, 0x00, 0x00, 0x00, 0x00 },
        { 0x00, 0x00, 0x00, 0x00, 0x00, 0x00, 0x00 },
        { 0x00, 0x00, 0x00, 0x00, 0x00, 0x00, 0x00 },
    },
    /* Icon 164 */
    {
        { 0x00, 0x00, 0x00, 0x00, 0x00, 0x00, 0x00 },
        { 0x00, 0x00, 0x00, 0x00, 0x00, 0x00, 0x00 },
        { 0x00, 0x00, 0x00, 0x00, 0x00, 0x00, 0x00 },
        { 0x00, 0x00, 0x00, 0x00, 0x00, 0x00, 0x00 },
        { 0x00, 0x00, 0x00, 0x00, 0x00, 0x00, 0x00 },
        { 0x00, 0x00, 0x00, 0x00, 0x00, 0x00, 0x00 },
        { 0x00, 0x00, 0x00, 0x00, 0x00, 0x00, 0x00 },
    },
    /* Icon 165 */
    {
        { 0x00, 0x00, 0x00, 0x00, 0x00, 0x00, 0x00 },
        { 0x00, 0x00, 0x00, 0x00, 0x00, 0x00, 0x00 },
        { 0x00, 0x00, 0x00, 0x00, 0x00, 0x00, 0x00 },
        { 0x00, 0x00, 0x00, 0x00, 0x00, 0x00, 0x00 },
        { 0x00, 0x00, 0x00, 0x00, 0x00, 0x00, 0x00 },
        { 0x00, 0x00, 0x00, 0x00, 0x00, 0x00, 0x00 },
        { 0x00, 0x00, 0x00, 0x00, 0x00, 0x00, 0x00 },
    },
    /* Icon 166 */
    {
        { 0x00, 0x00, 0x00, 0x00, 0x00, 0x00, 0x00 },
        { 0x00, 0x00, 0x00, 0x00, 0x00, 0x00, 0x00 },
        { 0x00, 0x00, 0x00, 0x00, 0x00, 0x00, 0x00 },
        { 0x00, 0x00, 0x00, 0x00, 0x00, 0x00, 0x00 },
        { 0x00, 0x00, 0x00, 0x00, 0x00, 0x00, 0x00 },
        { 0x00, 0x00, 0x00, 0x00, 0x00, 0x00, 0x00 },
        { 0x00, 0x00, 0x00, 0x00, 0x00, 0x00, 0x00 },
    },
    /* Icon 167 */
    {
        { 0x00, 0x00, 0x00, 0x00, 0x00, 0x00, 0x00 },
        { 0x00, 0x00, 0x00, 0x00, 0x00, 0x00, 0x00 },
        { 0x00, 0x00, 0x00, 0x00, 0x00, 0x00, 0x00 },
        { 0x00, 0x00, 0x00, 0x00, 0x00, 0x00, 0x00 },
        { 0x00, 0x00, 0x00, 0x00, 0x00, 0x00, 0x00 },
        { 0x00, 0x00, 0x00, 0x00, 0x00, 0x00, 0x00 },
        { 0x00, 0x00, 0x00, 0x00, 0x00, 0x00, 0x00 },
    },
    /* Icon 168 */
    {
        { 0x00, 0x00, 0x00, 0x00, 0x00, 0x00, 0x00 },
        { 0x00, 0x00, 0x00, 0x00, 0x00, 0x00, 0x00 },
        { 0x00, 0x00, 0x00, 0x00, 0x00, 0x00, 0x00 },
        { 0x00, 0x00, 0x00, 0x00, 0x00, 0x00, 0x00 },
        { 0x00, 0x00, 0x00, 0x00, 0x00, 0x00, 0x00 },
        { 0x00, 0x00, 0x00, 0x00, 0x00, 0x00, 0x00 },
        { 0x00, 0x00, 0x00, 0x00, 0x00, 0x00, 0x00 },
    },
    /* Icon 169 */
    {
        { 0x00, 0x00, 0x00, 0x00, 0x00, 0x00, 0x00 },
        { 0x00, 0x00, 0x00, 0x00, 0x00, 0x00, 0x00 },
        { 0x00, 0x00, 0x00, 0x00, 0x00, 0x00, 0x00 },
        { 0x00, 0x00, 0x00, 0x00, 0x00, 0x00, 0x00 },
        { 0x00, 0x00, 0x00, 0x00, 0x00, 0x00, 0x00 },
        { 0x00, 0x00, 0x00, 0x00, 0x00, 0x00, 0x00 },
        { 0x00, 0x00, 0x00, 0x00, 0x00, 0x00, 0x00 },
    },
    /* Icon 170 */
    {
        { 0x00, 0x00, 0x00, 0x00, 0x00, 0x00, 0x00 },
        { 0x00, 0x00, 0x00, 0x00, 0x00, 0x00, 0x00 },
        { 0x00, 0x00, 0x00, 0x00, 0x00, 0x00, 0x00 },
        { 0x00, 0x00, 0x00, 0x00, 0x00, 0x00, 0x00 },
        { 0x00, 0x00, 0x00, 0x00, 0x00, 0x00, 0x00 },
        { 0x00, 0x00, 0x00, 0x00, 0x00, 0x00, 0x00 },
        { 0x00, 0x00, 0x00, 0x00, 0x00, 0x00, 0x00 },
    },
    /* Icon 171 */
    {
        { 0x00, 0x00, 0x00, 0x00, 0x00, 0x00, 0x00 },
        { 0x00, 0x00, 0x00, 0x00, 0x00, 0x00, 0x00 },
        { 0x00, 0x00, 0x00, 0x00, 0x00, 0x00, 0x00 },
        { 0x00, 0x00, 0x00, 0x00, 0x00, 0x00, 0x00 },
        { 0x00, 0x00, 0x00, 0x00, 0x00, 0x00, 0x00 },
        { 0x00, 0x00, 0x00, 0x00, 0x00, 0x00, 0x00 },
        { 0x00, 0x00, 0x00, 0x00, 0x00, 0x00, 0x00 },
    },
    /* Icon 172 */
    {
        { 0x00, 0x00, 0x00, 0x00, 0x00, 0x00, 0x00 },
        { 0x00, 0x00, 0x00, 0x00, 0x00, 0x00, 0x00 },
        { 0x00, 0x00, 0x00, 0x00, 0x00, 0x00, 0x00 },
        { 0x00, 0x00, 0x00, 0x00, 0x00, 0x00, 0x00 },
        { 0x00, 0x00, 0x00, 0x00, 0x00, 0x00, 0x00 },
        { 0x00, 0x00, 0x00, 0x00, 0x00, 0x00, 0x00 },
        { 0x00, 0x00, 0x00, 0x00, 0x00, 0x00, 0x00 },
    },
    /* Icon 173 */
    {
        { 0x00, 0x00, 0x00, 0x00, 0x00, 0x00, 0x00 },
        { 0x00, 0x00, 0x00, 0x00, 0x00, 0x00, 0x00 },
        { 0x00, 0x00, 0x00, 0x00, 0x00, 0x00, 0x00 },
        { 0x00, 0x00, 0x00, 0x00, 0x00, 0x00, 0x00 },
        { 0x00, 0x00, 0x00, 0x00, 0x00, 0x00, 0x00 },
        { 0x00, 0x00, 0x00, 0x00, 0x00, 0x00, 0x00 },
        { 0x00, 0x00, 0x00, 0x00, 0x00, 0x00, 0x00 },
    },
    /* Icon 174 */
    {
        { 0x00, 0x00, 0x00, 0x00, 0x00, 0x00, 0x00 },
        { 0x00, 0x00, 0x00, 0x00, 0x00, 0x00, 0x00 },
        { 0x00, 0x00, 0x00, 0x00, 0x00, 0x00, 0x00 },
        { 0x00, 0x00, 0x00, 0x00, 0x00, 0x00, 0x00 },
        { 0x00, 0x00, 0x00, 0x00, 0x00, 0x00, 0x00 },
        { 0x00, 0x00, 0x00, 0x00, 0x00, 0x00, 0x00 },
        { 0x00, 0x00, 0x00, 0x00, 0x00, 0x00, 0x00 },
    },
    /* Icon 175 */
    {
        { 0x00, 0x00, 0x00, 0x00, 0x00, 0x00, 0x00 },
        { 0x00, 0x00, 0x00, 0x00, 0x00, 0x00, 0x00 },
        { 0x00, 0x00, 0x00, 0x00, 0x00, 0x00, 0x00 },
        { 0x00, 0x00, 0x00, 0x00, 0x00, 0x00, 0x00 },
        { 0x00, 0x00, 0x00, 0x00, 0x00, 0x00, 0x00 },
        { 0x00, 0x00, 0x00, 0x00, 0x00, 0x00, 0x00 },
        { 0x00, 0x00, 0x00, 0x00, 0x00, 0x00, 0x00 },
    },
    /* Icon 176 */
    {
        { 0x00, 0x00, 0x00, 0x00, 0x00, 0x00, 0x00 },
        { 0x00, 0x00, 0x00, 0x00, 0x00, 0x00, 0x00 },
        { 0x00, 0x00, 0x00, 0x00, 0x00, 0x00, 0x00 },
        { 0x00, 0x00, 0x00, 0x00, 0x00, 0x00, 0x00 },
        { 0x00, 0x00, 0x00, 0x00, 0x00, 0x00, 0x00 },
        { 0x00, 0x00, 0x00, 0x00, 0x00, 0x00, 0x00 },
        { 0x00, 0x00, 0x00, 0x00, 0x00, 0x00, 0x00 },
    },
    /* Icon 177 */
    {
        { 0x00, 0x00, 0x00, 0x00, 0x00, 0x00, 0x00 },
        { 0x00, 0x00, 0x00, 0x00, 0x00, 0x00, 0x00 },
        { 0x00, 0x00, 0x00, 0x00, 0x00, 0x00, 0x00 },
        { 0x00, 0x00, 0x00, 0x00, 0x00, 0x00, 0x00 },
        { 0x00, 0x00, 0x00, 0x00, 0x00, 0x00, 0x00 },
        { 0x00, 0x00, 0x00, 0x00, 0x00, 0x00, 0x00 },
        { 0x00, 0x00, 0x00, 0x00, 0x00, 0x00, 0x00 },
    },
    /* Icon 178 */
    {
        { 0x00, 0x00, 0x00, 0x00, 0x00, 0x00, 0x00 },
        { 0x00, 0x00, 0x00, 0x00, 0x00, 0x00, 0x00 },
        { 0x00, 0x00, 0x00, 0x00, 0x00, 0x00, 0x00 },
        { 0x00, 0x00, 0x00, 0x00, 0x00, 0x00, 0x00 },
        { 0x00, 0x00, 0x00, 0x00, 0x00, 0x00, 0x00 },
        { 0x00, 0x00, 0x00, 0x00, 0x00, 0x00, 0x00 },
        { 0x00, 0x00, 0x00, 0x00, 0x00, 0x00, 0x00 },
    },
    /* Icon 179 */
    {
        { 0x00, 0x00, 0x00, 0x00, 0x00, 0x00, 0x00 },
        { 0x00, 0x00, 0x00, 0x00, 0x00, 0x00, 0x00 },
        { 0x00, 0x00, 0x00, 0x00, 0x00, 0x00, 0x00 },
        { 0x00, 0x00, 0x00, 0x00, 0x00, 0x00, 0x00 },
        { 0x00, 0x00, 0x00, 0x00, 0x00, 0x00, 0x00 },
        { 0x00, 0x00, 0x00, 0x00, 0x00, 0x00, 0x00 },
        { 0x00, 0x00, 0x00, 0x00, 0x00, 0x00, 0x00 },
    },
    /* Icon 180 */
    {
        { 0x00, 0x00, 0x00, 0x00, 0x00, 0x00, 0x00 },
        { 0x00, 0x00, 0x00, 0x00, 0x00, 0x00, 0x00 },
        { 0x00, 0x00, 0x00, 0x00, 0x00, 0x00, 0x00 },
        { 0x00, 0x00, 0x00, 0x00, 0x00, 0x00, 0x00 },
        { 0x00, 0x00, 0x00, 0x00, 0x00, 0x00, 0x00 },
        { 0x00, 0x00, 0x00, 0x00, 0x00, 0x00, 0x00 },
        { 0x00, 0x00, 0x00, 0x00, 0x00, 0x00, 0x00 },
    },
    /* Icon 181 */
    {
        { 0x00, 0x00, 0x00, 0x00, 0x00, 0x00, 0x00 },
        { 0x00, 0x00, 0x00, 0x00, 0x00, 0x00, 0x00 },
        { 0x00, 0x00, 0x00, 0x00, 0x00, 0x00, 0x00 },
        { 0x00, 0x00, 0x00, 0x00, 0x00, 0x00, 0x00 },
        { 0x00, 0x00, 0x00, 0x00, 0x00, 0x00, 0x00 },
        { 0x00, 0x00, 0x00, 0x00, 0x00, 0x00, 0x00 },
        { 0x00, 0x00, 0x00, 0x00, 0x00, 0x00, 0x00 },
    },
    /* Icon 182 */
    {
        { 0x00, 0x00, 0x00, 0x00, 0x00, 0x00, 0x00 },
        { 0x00, 0x00, 0x00, 0x00, 0x00, 0x00, 0x00 },
        { 0x00, 0x00, 0x00, 0x00, 0x00, 0x00, 0x00 },
        { 0x00, 0x00, 0x00, 0x00, 0x00, 0x00, 0x00 },
        { 0x00, 0x00, 0x00, 0x00, 0x00, 0x00, 0x00 },
        { 0x00, 0x00, 0x00, 0x00, 0x00, 0x00, 0x00 },
        { 0x00, 0x00, 0x00, 0x00, 0x00, 0x00, 0x00 },
    },
    /* Icon 183 */
    {
        { 0x00, 0x00, 0x00, 0x00, 0x00, 0x00, 0x00 },
        { 0x00, 0x00, 0x00, 0x00, 0x00, 0x00, 0x00 },
        { 0x00, 0x00, 0x00, 0x00, 0x00, 0x00, 0x00 },
        { 0x00, 0x00, 0x00, 0x00, 0x00, 0x00, 0x00 },
        { 0x00, 0x00, 0x00, 0x00, 0x00, 0x00, 0x00 },
        { 0x00, 0x00, 0x00, 0x00, 0x00, 0x00, 0x00 },
        { 0x00, 0x00, 0x00, 0x00, 0x00, 0x00, 0x00 },
    },
    /* Icon 184 */
    {
        { 0x00, 0x00, 0x00, 0x00, 0x00, 0x00, 0x00 },
        { 0x00, 0x00, 0x00, 0x00, 0x00, 0x00, 0x00 },
        { 0x00, 0x00, 0x00, 0x00, 0x00, 0x00, 0x00 },
        { 0x00, 0x00, 0x00, 0x00, 0x00, 0x00, 0x00 },
        { 0x00, 0x00, 0x00, 0x00, 0x00, 0x00, 0x00 },
        { 0x00, 0x00, 0x00, 0x00, 0x00, 0x00, 0x00 },
        { 0x00, 0x00, 0x00, 0x00, 0x00, 0x00, 0x00 },
    },
    /* Icon 185 */
    {
        { 0x00, 0x00, 0x00, 0x00, 0x00, 0x00, 0x00 },
        { 0x00, 0x00, 0x00, 0x00, 0x00, 0x00, 0x00 },
        { 0x00, 0x00, 0x00, 0x00, 0x00, 0x00, 0x00 },
        { 0x00, 0x00, 0x00, 0x00, 0x00, 0x00, 0x00 },
        { 0x00, 0x00, 0x00, 0x00, 0x00, 0x00, 0x00 },
        { 0x00, 0x00, 0x00, 0x00, 0x00, 0x00, 0x00 },
        { 0x00, 0x00, 0x00, 0x00, 0x00, 0x00, 0x00 },
    },
    /* Icon 186 */
    {
        { 0x00, 0x00, 0x00, 0x00, 0x00, 0x00, 0x00 },
        { 0x00, 0x00, 0x00, 0x00, 0x00, 0x00, 0x00 },
        { 0x00, 0x00, 0x00, 0x00, 0x00, 0x00, 0x00 },
        { 0x00, 0x00, 0x00, 0x00, 0x00, 0x00, 0x00 },
        { 0x00, 0x00, 0x00, 0x00, 0x00, 0x00, 0x00 },
        { 0x00, 0x00, 0x00, 0x00, 0x00, 0x00, 0x00 },
        { 0x00, 0x00, 0x00, 0x00, 0x00, 0x00, 0x00 },
    },
    /* Icon 187 */
    {
        { 0x00, 0x00, 0x00, 0x00, 0x00, 0x00, 0x00 },
        { 0x00, 0x00, 0x00, 0x00, 0x00, 0x00, 0x00 },
        { 0x00, 0x00, 0x00, 0x00, 0x00, 0x00, 0x00 },
        { 0x00, 0x00, 0x00, 0x00, 0x00, 0x00, 0x00 },
        { 0x00, 0x00, 0x00, 0x00, 0x00, 0x00, 0x00 },
        { 0x00, 0x00, 0x00, 0x00, 0x00, 0x00, 0x00 },
        { 0x00, 0x00, 0x00, 0x00, 0x00, 0x00, 0x00 },
    },
    /* Icon 188 */
    {
        { 0x00, 0x00, 0x00, 0x00, 0x00, 0x00, 0x00 },
        { 0x00, 0x00, 0x00, 0x00, 0x00, 0x00, 0x00 },
        { 0x00, 0x00, 0x00, 0x00, 0x00, 0x00, 0x00 },
        { 0x00, 0x00, 0x00, 0x00, 0x00, 0x00, 0x00 },
        { 0x00, 0x00, 0x00, 0x00, 0x00, 0x00, 0x00 },
        { 0x00, 0x00, 0x00, 0x00, 0x00, 0x00, 0x00 },
        { 0x00, 0x00, 0x00, 0x00, 0x00, 0x00, 0x00 },
    },
    /* Icon 189 */
    {
        { 0x00, 0x00, 0x00, 0x00, 0x00, 0x00, 0x00 },
        { 0x00, 0x00, 0x00, 0x00, 0x00, 0x00, 0x00 },
        { 0x00, 0x00, 0x00, 0x00, 0x00, 0x00, 0x00 },
        { 0x00, 0x00, 0x00, 0x00, 0x00, 0x00, 0x00 },
        { 0x00, 0x00, 0x00, 0x00, 0x00, 0x00, 0x00 },
        { 0x00, 0x00, 0x00, 0x00, 0x00, 0x00, 0x00 },
        { 0x00, 0x00, 0x00, 0x00, 0x00, 0x00, 0x00 },
    },
    /* Icon 190 */
    {
        { 0x00, 0x00, 0x00, 0x00, 0x00, 0x00, 0x00 },
        { 0x00, 0x00, 0x00, 0x00, 0x00, 0x00, 0x00 },
        { 0x00, 0x00, 0x00, 0x00, 0x00, 0x00, 0x00 },
        { 0x00, 0x00, 0x00, 0x00, 0x00, 0x00, 0x00 },
        { 0x00, 0x00, 0x00, 0x00, 0x00, 0x00, 0x00 },
        { 0x00, 0x00, 0x00, 0x00, 0x00, 0x00, 0x00 },
        { 0x00, 0x00, 0x00, 0x00, 0x00, 0x00, 0x00 },
    },
    /* Icon 191 */
    {
        { 0x00, 0x00, 0x00, 0x00, 0x00, 0x00, 0x00 },
        { 0x00, 0x00, 0x00, 0x00, 0x00, 0x00, 0x00 },
        { 0x00, 0x00, 0x00, 0x00, 0x00, 0x00, 0x00 },
        { 0x00, 0x00, 0x00, 0x00, 0x00, 0x00, 0x00 },
        { 0x00, 0x00, 0x00, 0x00, 0x00, 0x00, 0x00 },
        { 0x00, 0x00, 0x00, 0x00, 0x00, 0x00, 0x00 },
        { 0x00, 0x00, 0x00, 0x00, 0x00, 0x00, 0x00 },
    },
    /* Icon 192 */
    {
        { 0x00, 0x00, 0x00, 0x00, 0x00, 0x00, 0x00 },
        { 0x00, 0x00, 0x00, 0x00, 0x00, 0x00, 0x00 },
        { 0x00, 0x00, 0x00, 0x00, 0x00, 0x00, 0x00 },
        { 0x00, 0x00, 0x00, 0x00, 0x00, 0x00, 0x00 },
        { 0x00, 0x00, 0x00, 0x00, 0x00, 0x00, 0x00 },
        { 0x00, 0x00, 0x00, 0x00, 0x00, 0x00, 0x00 },
        { 0x00, 0x00, 0x00, 0x00, 0x00, 0x00, 0x00 },
    },
    /* Icon 193 */
    {
        { 0x00, 0x00, 0x00, 0x00, 0x00, 0x00, 0x00 },
        { 0x00, 0x00, 0x00, 0x00, 0x00, 0x00, 0x00 },
        { 0x00, 0x00, 0x00, 0x00, 0x00, 0x00, 0x00 },
        { 0x00, 0x00, 0x00, 0x00, 0x00, 0x00, 0x00 },
        { 0x00, 0x00, 0x00, 0x00, 0x00, 0x00, 0x00 },
        { 0x00, 0x00, 0x00, 0x00, 0x00, 0x00, 0x00 },
        { 0x00, 0x00, 0x00, 0x00, 0x00, 0x00, 0x00 },
    },
    /* Icon 194 */
    {
        { 0x00, 0x00, 0x00, 0x00, 0x00, 0x00, 0x00 },
        { 0x00, 0x00, 0x00, 0x00, 0x00, 0x00, 0x00 },
        { 0x00, 0x00, 0x00, 0x00, 0x00, 0x00, 0x00 },
        { 0x00, 0x00, 0x00, 0x00, 0x00, 0x00, 0x00 },
        { 0x00, 0x00, 0x00, 0x00, 0x00, 0x00, 0x00 },
        { 0x00, 0x00, 0x00, 0x00, 0x00, 0x00, 0x00 },
        { 0x00, 0x00, 0x00, 0x00, 0x00, 0x00, 0x00 },
    },
    /* Icon 195 */
    {
        { 0x00, 0x00, 0x00, 0x00, 0x00, 0x00, 0x00 },
        { 0x00, 0x00, 0x00, 0x00, 0x00, 0x00, 0x00 },
        { 0x00, 0x00, 0x00, 0x00, 0x00, 0x00, 0x00 },
        { 0x00, 0x00, 0x00, 0x00, 0x00, 0x00, 0x00 },
        { 0x00, 0x00, 0x00, 0x00, 0x00, 0x00, 0x00 },
        { 0x00, 0x00, 0x00, 0x00, 0x00, 0x00, 0x00 },
        { 0x00, 0x00, 0x00, 0x00, 0x00, 0x00, 0x00 },
    },
    /* Icon 196 */
    {
        { 0x00, 0x00, 0x00, 0x00, 0x00, 0x00, 0x00 },
        { 0x00, 0x00, 0x00, 0x00, 0x00, 0x00, 0x00 },
        { 0x00, 0x00, 0x00, 0x00, 0x00, 0x00, 0x00 },
        { 0x00, 0x00, 0x00, 0x00, 0x00, 0x00, 0x00 },
        { 0x00, 0x00, 0x00, 0x00, 0x00, 0x00, 0x00 },
        { 0x00, 0x00, 0x00, 0x00, 0x00, 0x00, 0x00 },
        { 0x00, 0x00, 0x00, 0x00, 0x00, 0x00, 0x00 },
    },
    /* Icon 197 */
    {
        { 0x00, 0x00, 0x00, 0x00, 0x00, 0x00, 0x00 },
        { 0x00, 0x00, 0x00, 0x00, 0x00, 0x00, 0x00 },
        { 0x00, 0x00, 0x00, 0x00, 0x00, 0x00, 0x00 },
        { 0x00, 0x00, 0x00, 0x00, 0x00, 0x00, 0x00 },
        { 0x00, 0x00, 0x00, 0x00, 0x00, 0x00, 0x00 },
        { 0x00, 0x00, 0x00, 0x00, 0x00, 0x00, 0x00 },
        { 0x00, 0x00, 0x00, 0x00, 0x00, 0x00, 0x00 },
    },
    /* Icon 198 */
    {
        { 0x00, 0x00, 0x00, 0x00, 0x00, 0x00, 0x00 },
        { 0x00, 0x00, 0x00, 0x00, 0x00, 0x00, 0x00 },
        { 0x00, 0x00, 0x00, 0x00, 0x00, 0x00, 0x00 },
        { 0x00, 0x00, 0x00, 0x00, 0x00, 0x00, 0x00 },
        { 0x00, 0x00, 0x00, 0x00, 0x00, 0x00, 0x00 },
        { 0x00, 0x00, 0x00, 0x00, 0x00, 0x00, 0x00 },
        { 0x00, 0x00, 0x00, 0x00, 0x00, 0x00, 0x00 },
    },
    /* Icon 199 */
    {
        { 0x00, 0x00, 0x00, 0x00, 0x00, 0x00, 0x00 },
        { 0x00, 0x00, 0x00, 0x00, 0x00, 0x00, 0x00 },
        { 0x00, 0x00, 0x00, 0x00, 0x00, 0x00, 0x00 },
        { 0x00, 0x00, 0x00, 0x00, 0x00, 0x00, 0x00 },
        { 0x00, 0x00, 0x00, 0x00, 0x00, 0x00, 0x00 },
        { 0x00, 0x00, 0x00, 0x00, 0x00, 0x00, 0x00 },
        { 0x00, 0x00, 0x00, 0x00, 0x00, 0x00, 0x00 },
    },
    /* Icon 200 */
    {
        { 0x00, 0x00, 0x00, 0x00, 0x00, 0x00, 0x00 },
        { 0x00, 0x00, 0x00, 0x00, 0x00, 0x00, 0x00 },
        { 0x00, 0x00, 0x00, 0x00, 0x00, 0x00, 0x00 },
        { 0x00, 0x00, 0x00, 0x00, 0x00, 0x00, 0x00 },
        { 0x00, 0x00, 0x00, 0x00, 0x00, 0x00, 0x00 },
        { 0x00, 0x00, 0x00, 0x00, 0x00, 0x00, 0x00 },
        { 0x00, 0x00, 0x00, 0x00, 0x00, 0x00, 0x00 },
    },
    /* Icon 201 */
    {
        { 0x00, 0x00, 0x00, 0x00, 0x00, 0x00, 0x00 },
        { 0x00, 0x00, 0x00, 0x00, 0x00, 0x00, 0x00 },
        { 0x00, 0x00, 0x00, 0x00, 0x00, 0x00, 0x00 },
        { 0x00, 0x00, 0x00, 0x00, 0x00, 0x00, 0x00 },
        { 0x00, 0x00, 0x00, 0x00, 0x00, 0x00, 0x00 },
        { 0x00, 0x00, 0x00, 0x00, 0x00, 0x00, 0x00 },
        { 0x00, 0x00, 0x00, 0x00, 0x00, 0x00, 0x00 },
    },
    /* Icon 202 */
    {
        { 0x00, 0x00, 0x00, 0x00, 0x00, 0x00, 0x00 },
        { 0x00, 0x00, 0x00, 0x00, 0x00, 0x00, 0x00 },
        { 0x00, 0x00, 0x00, 0x00, 0x00, 0x00, 0x00 },
        { 0x00, 0x00, 0x00, 0x00, 0x00, 0x00, 0x00 },
        { 0x00, 0x00, 0x00, 0x00, 0x00, 0x00, 0x00 },
        { 0x00, 0x00, 0x00, 0x00, 0x00, 0x00, 0x00 },
        { 0x00, 0x00, 0x00, 0x00, 0x00, 0x00, 0x00 },
    },
    /* Icon 203 */
    {
        { 0x00, 0x00, 0x00, 0x00, 0x00, 0x00, 0x00 },
        { 0x00, 0x00, 0x00, 0x00, 0x00, 0x00, 0x00 },
        { 0x00, 0x00, 0x00, 0x00, 0x00, 0x00, 0x00 },
        { 0x00, 0x00, 0x00, 0x00, 0x00, 0x00, 0x00 },
        { 0x00, 0x00, 0x00, 0x00, 0x00, 0x00, 0x00 },
        { 0x00, 0x00, 0x00, 0x00, 0x00, 0x00, 0x00 },
        { 0x00, 0x00, 0x00, 0x00, 0x00, 0x00, 0x00 },
    },
    /* Icon 204 */
    {
        { 0x00, 0x00, 0x00, 0x00, 0x00, 0x00, 0x00 },
        { 0x00, 0x00, 0x00, 0x00, 0x00, 0x00, 0x00 },
        { 0x00, 0x00, 0x00, 0x00, 0x00, 0x00, 0x00 },
        { 0x00, 0x00, 0x00, 0x00, 0x00, 0x00, 0x00 },
        { 0x00, 0x00, 0x00, 0x00, 0x00, 0x00, 0x00 },
        { 0x00, 0x00, 0x00, 0x00, 0x00, 0x00, 0x00 },
        { 0x00, 0x00, 0x00, 0x00, 0x00, 0x00, 0x00 },
    },
    /* Icon 205 */
    {
        { 0x00, 0x00, 0x00, 0x00, 0x00, 0x00, 0x00 },
        { 0x00, 0x00, 0x00, 0x00, 0x00, 0x00, 0x00 },
        { 0x00, 0x00, 0x00, 0x00, 0x00, 0x00, 0x00 },
        { 0x00, 0x00, 0x00, 0x00, 0x00, 0x00, 0x00 },
        { 0x00, 0x00, 0x00, 0x00, 0x00, 0x00, 0x00 },
        { 0x00, 0x00, 0x00, 0x00, 0x00, 0x00, 0x00 },
        { 0x00, 0x00, 0x00, 0x00, 0x00, 0x00, 0x00 },
    },
    /* Icon 206 */
    {
        { 0x00, 0x00, 0x00, 0x00, 0x00, 0x00, 0x00 },
        { 0x00, 0x00, 0x00, 0x00, 0x00, 0x00, 0x00 },
        { 0x00, 0x00, 0x00, 0x00, 0x00, 0x00, 0x00 },
        { 0x00, 0x00, 0x00, 0x00, 0x00, 0x00, 0x00 },
        { 0x00, 0x00, 0x00, 0x00, 0x00, 0x00, 0x00 },
        { 0x00, 0x00, 0x00, 0x00, 0x00, 0x00, 0x00 },
        { 0x00, 0x00, 0x00, 0x00, 0x00, 0x00, 0x00 },
    },
    /* Icon 207 */
    {
        { 0x00, 0x00, 0x00, 0x00, 0x00, 0x00, 0x00 },
        { 0x00, 0x00, 0x00, 0x00, 0x00, 0x00, 0x00 },
        { 0x00, 0x00, 0x00, 0x00, 0x00, 0x00, 0x00 },
        { 0x00, 0x00, 0x00, 0x00, 0x00, 0x00, 0x00 },
        { 0x00, 0x00, 0x00, 0x00, 0x00, 0x00, 0x00 },
        { 0x00, 0x00, 0x00, 0x00, 0x00, 0x00, 0x00 },
        { 0x00, 0x00, 0x00, 0x00, 0x00, 0x00, 0x00 },
    },
    /* Icon 208 */
    {
        { 0x00, 0x00, 0x00, 0x00, 0x00, 0x00, 0x00 },
        { 0x00, 0x00, 0x00, 0x00, 0x00, 0x00, 0x00 },
        { 0x00, 0x00, 0x00, 0x00, 0x00, 0x00, 0x00 },
        { 0x00, 0x00, 0x00, 0x00, 0x00, 0x00, 0x00 },
        { 0x00, 0x00, 0x00, 0x00, 0x00, 0x00, 0x00 },
        { 0x00, 0x00, 0x00, 0x00, 0x00, 0x00, 0x00 },
        { 0x00, 0x00, 0x00, 0x00, 0x00, 0x00, 0x00 },
    },
    /* Icon 209 */
    {
        { 0x00, 0x00, 0x00, 0x00, 0x00, 0x00, 0x00 },
        { 0x00, 0x00, 0x00, 0x00, 0x00, 0x00, 0x00 },
        { 0x00, 0x00, 0x00, 0x00, 0x00, 0x00, 0x00 },
        { 0x00, 0x00, 0x00, 0x00, 0x00, 0x00, 0x00 },
        { 0x00, 0x00, 0x00, 0x00, 0x00, 0x00, 0x00 },
        { 0x00, 0x00, 0x00, 0x00, 0x00, 0x00, 0x00 },
        { 0x00, 0x00, 0x00, 0x00, 0x00, 0x00, 0x00 },
    },
    /* Icon 210 */
    {
        { 0x00, 0x00, 0x00, 0x00, 0x00, 0x00, 0x00 },
        { 0x00, 0x00, 0x00, 0x00, 0x00, 0x00, 0x00 },
        { 0x00, 0x00, 0x00, 0x00, 0x00, 0x00, 0x00 },
        { 0x00, 0x00, 0x00, 0x00, 0x00, 0x00, 0x00 },
        { 0x00, 0x00, 0x00, 0x00, 0x00, 0x00, 0x00 },
        { 0x00, 0x00, 0x00, 0x00, 0x00, 0x00, 0x00 },
        { 0x00, 0x00, 0x00, 0x00, 0x00, 0x00, 0x00 },
    },
    /* Icon 211 */
    {
        { 0x00, 0x00, 0x00, 0x00, 0x00, 0x00, 0x00 },
        { 0x00, 0x00, 0x00, 0x00, 0x00, 0x00, 0x00 },
        { 0x00, 0x00, 0x00, 0x00, 0x00, 0x00, 0x00 },
        { 0x00, 0x00, 0x00, 0x00, 0x00, 0x00, 0x00 },
        { 0x00, 0x00, 0x00, 0x00, 0x00, 0x00, 0x00 },
        { 0x00, 0x00, 0x00, 0x00, 0x00, 0x00, 0x00 },
        { 0x00, 0x00, 0x00, 0x00, 0x00, 0x00, 0x00 },
    },
    /* Icon 212 */
    {
        { 0x00, 0x00, 0x00, 0x00, 0x00, 0x00, 0x00 },
        { 0x00, 0x00, 0x00, 0x00, 0x00, 0x00, 0x00 },
        { 0x00, 0x00, 0x00, 0x00, 0x00, 0x00, 0x00 },
        { 0x00, 0x00, 0x00, 0x00, 0x00, 0x00, 0x00 },
        { 0x00, 0x00, 0x00, 0x00, 0x00, 0x00, 0x00 },
        { 0x00, 0x00, 0x00, 0x00, 0x00, 0x00, 0x00 },
        { 0x00, 0x00, 0x00, 0x00, 0x00, 0x00, 0x00 },
    },
    /* Icon 213 */
    {
        { 0x00, 0x00, 0x00, 0x00, 0x00, 0x00, 0x00 },
        { 0x00, 0x00, 0x00, 0x00, 0x00, 0x00, 0x00 },
        { 0x00, 0x00, 0x00, 0x00, 0x00, 0x00, 0x00 },
        { 0x00, 0x00, 0x00, 0x00, 0x00, 0x00, 0x00 },
        { 0x00, 0x00, 0x00, 0x00, 0x00, 0x00, 0x00 },
        { 0x00, 0x00, 0x00, 0x00, 0x00, 0x00, 0x00 },
        { 0x00, 0x00, 0x00, 0x00, 0x00, 0x00, 0x00 },
    },
    /* Icon 214 */
    {
        { 0x00, 0x00, 0x00, 0x00, 0x00, 0x00, 0x00 },
        { 0x00, 0x00, 0x00, 0x00, 0x00, 0x00, 0x00 },
        { 0x00, 0x00, 0x00, 0x00, 0x00, 0x00, 0x00 },
        { 0x00, 0x00, 0x00, 0x00, 0x00, 0x00, 0x00 },
        { 0x00, 0x00, 0x00, 0x00, 0x00, 0x00, 0x00 },
        { 0x00, 0x00, 0x00, 0x00, 0x00, 0x00, 0x00 },
        { 0x00, 0x00, 0x00, 0x00, 0x00, 0x00, 0x00 },
    },
    /* Icon 215 */
    {
        { 0x00, 0x00, 0x00, 0x00, 0x00, 0x00, 0x00 },
        { 0x00, 0x00, 0x00, 0x00, 0x00, 0x00, 0x00 },
        { 0x00, 0x00, 0x00, 0x00, 0x00, 0x00, 0x00 },
        { 0x00, 0x00, 0x00, 0x00, 0x00, 0x00, 0x00 },
        { 0x00, 0x00, 0x00, 0x00, 0x00, 0x00, 0x00 },
        { 0x00, 0x00, 0x00, 0x00, 0x00, 0x00, 0x00 },
        { 0x00, 0x00, 0x00, 0x00, 0x00, 0x00, 0x00 },
    },
    /* Icon 216 */
    {
        { 0x00, 0x00, 0x00, 0x00, 0x00, 0x00, 0x00 },
        { 0x00, 0x00, 0x00, 0x00, 0x00, 0x00, 0x00 },
        { 0x00, 0x00, 0x00, 0x00, 0x00, 0x00, 0x00 },
        { 0x00, 0x00, 0x00, 0x00, 0x00, 0x00, 0x00 },
        { 0x00, 0x00, 0x00, 0x00, 0x00, 0x00, 0x00 },
        { 0x00, 0x00, 0x00, 0x00, 0x00, 0x00, 0x00 },
        { 0x00, 0x00, 0x00, 0x00, 0x00, 0x00, 0x00 },
    },
    /* Icon 217 */
    {
        { 0x00, 0x00, 0x00, 0x00, 0x00, 0x00, 0x00 },
        { 0x00, 0x00, 0x00, 0x00, 0x00, 0x00, 0x00 },
        { 0x00, 0x00, 0x00, 0x00, 0x00, 0x00, 0x00 },
        { 0x00, 0x00, 0x00, 0x00, 0x00, 0x00, 0x00 },
        { 0x00, 0x00, 0x00, 0x00, 0x00, 0x00, 0x00 },
        { 0x00, 0x00, 0x00, 0x00, 0x00, 0x00, 0x00 },
        { 0x00, 0x00, 0x00, 0x00, 0x00, 0x00, 0x00 },
    },
    /* Icon 218 */
    {
        { 0x00, 0x00, 0x00, 0x00, 0x00, 0x00, 0x00 },
        { 0x00, 0x00, 0x00, 0x00, 0x00, 0x00, 0x00 },
        { 0x00, 0x00, 0x00, 0x00, 0x00, 0x00, 0x00 },
        { 0x00, 0x00, 0x00, 0x00, 0x00, 0x00, 0x00 },
        { 0x00, 0x00, 0x00, 0x00, 0x00, 0x00, 0x00 },
        { 0x00, 0x00, 0x00, 0x00, 0x00, 0x00, 0x00 },
        { 0x00, 0x00, 0x00, 0x00, 0x00, 0x00, 0x00 },
    },
    /* Icon 219 */
    {
        { 0x00, 0x00, 0x00, 0x00, 0x00, 0x00, 0x00 },
        { 0x00, 0x00, 0x00, 0x00, 0x00, 0x00, 0x00 },
        { 0x00, 0x00, 0x00, 0x00, 0x00, 0x00, 0x00 },
        { 0x00, 0x00, 0x00, 0x00, 0x00, 0x00, 0x00 },
        { 0x00, 0x00, 0x00, 0x00, 0x00, 0x00, 0x00 },
        { 0x00, 0x00, 0x00, 0x00, 0x00, 0x00, 0x00 },
        { 0x00, 0x00, 0x00, 0x00, 0x00, 0x00, 0x00 },
    },
    /* Icon 220 */
    {
        { 0x00, 0x00, 0x00, 0x00, 0x00, 0x00, 0x00 },
        { 0x00, 0x00, 0x00, 0x00, 0x00, 0x00, 0x00 },
        { 0x00, 0x00, 0x00, 0x00, 0x00, 0x00, 0x00 },
        { 0x00, 0x00, 0x00, 0x00, 0x00, 0x00, 0x00 },
        { 0x00, 0x00, 0x00, 0x00, 0x00, 0x00, 0x00 },
        { 0x00, 0x00, 0x00, 0x00, 0x00, 0x00, 0x00 },
        { 0x00, 0x00, 0x00, 0x00, 0x00, 0x00, 0x00 },
    },
    /* Icon 221 */
    {
        { 0x00, 0x00, 0x00, 0x00, 0x00, 0x00, 0x00 },
        { 0x00, 0x00, 0x00, 0x00, 0x00, 0x00, 0x00 },
        { 0x00, 0x00, 0x00, 0x00, 0x00, 0x00, 0x00 },
        { 0x00, 0x00, 0x00, 0x00, 0x00, 0x00, 0x00 },
        { 0x00, 0x00, 0x00, 0x00, 0x00, 0x00, 0x00 },
        { 0x00, 0x00, 0x00, 0x00, 0x00, 0x00, 0x00 },
        { 0x00, 0x00, 0x00, 0x00, 0x00, 0x00, 0x00 },
    },
    /* Icon 222 */
    {
        { 0x00, 0x00, 0x00, 0x00, 0x00, 0x00, 0x00 },
        { 0x00, 0x00, 0x00, 0x00, 0x00, 0x00, 0x00 },
        { 0x00, 0x00, 0x00, 0x00, 0x00, 0x00, 0x00 },
        { 0x00, 0x00, 0x00, 0x00, 0x00, 0x00, 0x00 },
        { 0x00, 0x00, 0x00, 0x00, 0x00, 0x00, 0x00 },
        { 0x00, 0x00, 0x00, 0x00, 0x00, 0x00, 0x00 },
        { 0x00, 0x00, 0x00, 0x00, 0x00, 0x00, 0x00 },
    },
    /* Icon 223 */
    {
        { 0x00, 0x00, 0x00, 0x00, 0x00, 0x00, 0x00 },
        { 0x00, 0x00, 0x00, 0x00, 0x00, 0x00, 0x00 },
        { 0x00, 0x00, 0x00, 0x00, 0x00, 0x00, 0x00 },
        { 0x00, 0x00, 0x00, 0x00, 0x00, 0x00, 0x00 },
        { 0x00, 0x00, 0x00, 0x00, 0x00, 0x00, 0x00 },
        { 0x00, 0x00, 0x00, 0x00, 0x00, 0x00, 0x00 },
        { 0x00, 0x00, 0x00, 0x00, 0x00, 0x00, 0x00 },
    },
    /* Icon 224 */
    {
        { 0x00, 0x00, 0x00, 0x00, 0x00, 0x00, 0x00 },
        { 0x00, 0x00, 0x00, 0x00, 0x00, 0x00, 0x00 },
        { 0x00, 0x00, 0x00, 0x00, 0x00, 0x00, 0x00 },
        { 0x00, 0x00, 0x00, 0x00, 0x00, 0x00, 0x00 },
        { 0x00, 0x00, 0x00, 0x00, 0x00, 0x00, 0x00 },
        { 0x00, 0x00, 0x00, 0x00, 0x00, 0x00, 0x00 },
        { 0x00, 0x00, 0x00, 0x00, 0x00, 0x00, 0x00 },
    },
    /* Icon 225 */
    {
        { 0x00, 0x00, 0x00, 0x00, 0x00, 0x00, 0x00 },
        { 0x00, 0x00, 0x00, 0x00, 0x00, 0x00, 0x00 },
        { 0x00, 0x00, 0x00, 0x00, 0x00, 0x00, 0x00 },
        { 0x00, 0x00, 0x00, 0x00, 0x00, 0x00, 0x00 },
        { 0x00, 0x00, 0x00, 0x00, 0x00, 0x00, 0x00 },
        { 0x00, 0x00, 0x00, 0x00, 0x00, 0x00, 0x00 },
        { 0x00, 0x00, 0x00, 0x00, 0x00, 0x00, 0x00 },
    },
    /* Icon 226 */
    {
        { 0x00, 0x00, 0x00, 0x00, 0x00, 0x00, 0x00 },
        { 0x00, 0x00, 0x00, 0x00, 0x00, 0x00, 0x00 },
        { 0x00, 0x00, 0x00, 0x00, 0x00, 0x00, 0x00 },
        { 0x00, 0x00, 0x00, 0x00, 0x00, 0x00, 0x00 },
        { 0x00, 0x00, 0x00, 0x00, 0x00, 0x00, 0x00 },
        { 0x00, 0x00, 0x00, 0x00, 0x00, 0x00, 0x00 },
        { 0x00, 0x00, 0x00, 0x00, 0x00, 0x00, 0x00 },
    },
    /* Icon 227 */
    {
        { 0x00, 0x00, 0x00, 0x00, 0x00, 0x00, 0x00 },
        { 0x00, 0x00, 0x00, 0x00, 0x00, 0x00, 0x00 },
        { 0x00, 0x00, 0x00, 0x00, 0x00, 0x00, 0x00 },
        { 0x00, 0x00, 0x00, 0x00, 0x00, 0x00, 0x00 },
        { 0x00, 0x00, 0x00, 0x00, 0x00, 0x00, 0x00 },
        { 0x00, 0x00, 0x00, 0x00, 0x00, 0x00, 0x00 },
        { 0x00, 0x00, 0x00, 0x00, 0x00, 0x00, 0x00 },
    },
    /* Icon 228 */
    {
        { 0x00, 0x00, 0x00, 0x00, 0x00, 0x00, 0x00 },
        { 0x00, 0x00, 0x00, 0x00, 0x00, 0x00, 0x00 },
        { 0x00, 0x00, 0x00, 0x00, 0x00, 0x00, 0x00 },
        { 0x00, 0x00, 0x00, 0x00, 0x00, 0x00, 0x00 },
        { 0x00, 0x00, 0x00, 0x00, 0x00, 0x00, 0x00 },
        { 0x00, 0x00, 0x00, 0x00, 0x00, 0x00, 0x00 },
        { 0x00, 0x00, 0x00, 0x00, 0x00, 0x00, 0x00 },
    },
    /* Icon 229 */
    {
        { 0x00, 0x00, 0x00, 0x00, 0x00, 0x00, 0x00 },
        { 0x00, 0x00, 0x00, 0x00, 0x00, 0x00, 0x00 },
        { 0x00, 0x00, 0x00, 0x00, 0x00, 0x00, 0x00 },
        { 0x00, 0x00, 0x00, 0x00, 0x00, 0x00, 0x00 },
        { 0x00, 0x00, 0x00, 0x00, 0x00, 0x00, 0x00 },
        { 0x00, 0x00, 0x00, 0x00, 0x00, 0x00, 0x00 },
        { 0x00, 0x00, 0x00, 0x00, 0x00, 0x00, 0x00 },
    },
    /* Icon 230 */
    {
        { 0x00, 0x00, 0x00, 0x00, 0x00, 0x00, 0x00 },
        { 0x00, 0x00, 0x00, 0x00, 0x00, 0x00, 0x00 },
        { 0x00, 0x00, 0x00, 0x00, 0x00, 0x00, 0x00 },
        { 0x00, 0x00, 0x00, 0x00, 0x00, 0x00, 0x00 },
        { 0x00, 0x00, 0x00, 0x00, 0x00, 0x00, 0x00 },
        { 0x00, 0x00, 0x00, 0x00, 0x00, 0x00, 0x00 },
        { 0x00, 0x00, 0x00, 0x00, 0x00, 0x00, 0x00 },
    },
    /* Icon 231 */
    {
        { 0x00, 0x00, 0x00, 0x00, 0x00, 0x00, 0x00 },
        { 0x00, 0x00, 0x00, 0x00, 0x00, 0x00, 0x00 },
        { 0x00, 0x00, 0x00, 0x00, 0x00, 0x00, 0x00 },
        { 0x00, 0x00, 0x00, 0x00, 0x00, 0x00, 0x00 },
        { 0x00, 0x00, 0x00, 0x00, 0x00, 0x00, 0x00 },
        { 0x00, 0x00, 0x00, 0x00, 0x00, 0x00, 0x00 },
        { 0x00, 0x00, 0x00, 0x00, 0x00, 0x00, 0x00 },
    },
    /* Icon 232 */
    {
        { 0x00, 0x00, 0x00, 0x00, 0x00, 0x00, 0x00 },
        { 0x00, 0x00, 0x00, 0x00, 0x00, 0x00, 0x00 },
        { 0x00, 0x00, 0x00, 0x00, 0x00, 0x00, 0x00 },
        { 0x00, 0x00, 0x00, 0x00, 0x00, 0x00, 0x00 },
        { 0x00, 0x00, 0x00, 0x00, 0x00, 0x00, 0x00 },
        { 0x00, 0x00, 0x00, 0x00, 0x00, 0x00, 0x00 },
        { 0x00, 0x00, 0x00, 0x00, 0x00, 0x00, 0x00 },
    },
    /* Icon 233 */
    {
        { 0x00, 0x00, 0x00, 0x00, 0x00, 0x00, 0x00 },
        { 0x00, 0x00, 0x00, 0x00, 0x00, 0x00, 0x00 },
        { 0x00, 0x00, 0x00, 0x00, 0x00, 0x00, 0x00 },
        { 0x00, 0x00, 0x00, 0x00, 0x00, 0x00, 0x00 },
        { 0x00, 0x00, 0x00, 0x00, 0x00, 0x00, 0x00 },
        { 0x00, 0x00, 0x00, 0x00, 0x00, 0x00, 0x00 },
        { 0x00, 0x00, 0x00, 0x00, 0x00, 0x00, 0x00 },
    },
    /* Icon 234 */
    {
        { 0x00, 0x00, 0x00, 0x00, 0x00, 0x00, 0x00 },
        { 0x00, 0x00, 0x00, 0x00, 0x00, 0x00, 0x00 },
        { 0x00, 0x00, 0x00, 0x00, 0x00, 0x00, 0x00 },
        { 0x00, 0x00, 0x00, 0x00, 0x00, 0x00, 0x00 },
        { 0x00, 0x00, 0x00, 0x00, 0x00, 0x00, 0x00 },
        { 0x00, 0x00, 0x00, 0x00, 0x00, 0x00, 0x00 },
        { 0x00, 0x00, 0x00, 0x00, 0x00, 0x00, 0x00 },
    },
    /* Icon 235 */
    {
        { 0x00, 0x00, 0x00, 0x00, 0x00, 0x00, 0x00 },
        { 0x00, 0x00, 0x00, 0x00, 0x00, 0x00, 0x00 },
        { 0x00, 0x00, 0x00, 0x00, 0x00, 0x00, 0x00 },
        { 0x00, 0x00, 0x00, 0x00, 0x00, 0x00, 0x00 },
        { 0x00, 0x00, 0x00, 0x00, 0x00, 0x00, 0x00 },
        { 0x00, 0x00, 0x00, 0x00, 0x00, 0x00, 0x00 },
        { 0x00, 0x00, 0x00, 0x00, 0x00, 0x00, 0x00 },
    },
    /* Icon 236 */
    {
        { 0x00, 0x00, 0x00, 0x00, 0x00, 0x00, 0x00 },
        { 0x00, 0x00, 0x00, 0x00, 0x00, 0x00, 0x00 },
        { 0x00, 0x00, 0x00, 0x00, 0x00, 0x00, 0x00 },
        { 0x00, 0x00, 0x00, 0x00, 0x00, 0x00, 0x00 },
        { 0x00, 0x00, 0x00, 0x00, 0x00, 0x00, 0x00 },
        { 0x00, 0x00, 0x00, 0x00, 0x00, 0x00, 0x00 },
        { 0x00, 0x00, 0x00, 0x00, 0x00, 0x00, 0x00 },
    },
    /* Icon 237 */
    {
        { 0x00, 0x00, 0x00, 0x00, 0x00, 0x00, 0x00 },
        { 0x00, 0x00, 0x00, 0x00, 0x00, 0x00, 0x00 },
        { 0x00, 0x00, 0x00, 0x00, 0x00, 0x00, 0x00 },
        { 0x00, 0x00, 0x00, 0x00, 0x00, 0x00, 0x00 },
        { 0x00, 0x00, 0x00, 0x00, 0x00, 0x00, 0x00 },
        { 0x00, 0x00, 0x00, 0x00, 0x00, 0x00, 0x00 },
        { 0x00, 0x00, 0x00, 0x00, 0x00, 0x00, 0x00 },
    },
    /* Icon 238 */
    {
        { 0x00, 0x00, 0x00, 0x00, 0x00, 0x00, 0x00 },
        { 0x00, 0x00, 0x00, 0x00, 0x00, 0x00, 0x00 },
        { 0x00, 0x00, 0x00, 0x00, 0x00, 0x00, 0x00 },
        { 0x00, 0x00, 0x00, 0x00, 0x00, 0x00, 0x00 },
        { 0x00, 0x00, 0x00, 0x00, 0x00, 0x00, 0x00 },
        { 0x00, 0x00, 0x00, 0x00, 0x00, 0x00, 0x00 },
        { 0x00, 0x00, 0x00, 0x00, 0x00, 0x00, 0x00 },
    },
    /* Icon 239 */
    {
        { 0x00, 0x00, 0x00, 0x00, 0x00, 0x00, 0x00 },
        { 0x00, 0x00, 0x00, 0x00, 0x00, 0x00, 0x00 },
        { 0x00, 0x00, 0x00, 0x00, 0x00, 0x00, 0x00 },
        { 0x00, 0x00, 0x00, 0x00, 0x00, 0x00, 0x00 },
        { 0x00, 0x00, 0x00, 0x00, 0x00, 0x00, 0x00 },
        { 0x00, 0x00, 0x00, 0x00, 0x00, 0x00, 0x00 },
        { 0x00, 0x00, 0x00, 0x00, 0x00, 0x00, 0x00 },
    },
    /* Icon 240 */
    {
        { 0x00, 0x00, 0x00, 0x00, 0x00, 0x00, 0x00 },
        { 0x00, 0x00, 0x00, 0x00, 0x00, 0x00, 0x00 },
        { 0x00, 0x00, 0x00, 0x00, 0x00, 0x00, 0x00 },
        { 0x00, 0x00, 0x00, 0x00, 0x00, 0x00, 0x00 },
        { 0x00, 0x00, 0x00, 0x00, 0x00, 0x00, 0x00 },
        { 0x00, 0x00, 0x00, 0x00, 0x00, 0x00, 0x00 },
        { 0x00, 0x00, 0x00, 0x00, 0x00, 0x00, 0x00 },
    },
    /* Icon 241 */
    {
        { 0x00, 0x00, 0x00, 0x00, 0x00, 0x00, 0x00 },
        { 0x00, 0x00, 0x00, 0x00, 0x00, 0x00, 0x00 },
        { 0x00, 0x00, 0x00, 0x00, 0x00, 0x00, 0x00 },
        { 0x00, 0x00, 0x00, 0x00, 0x00, 0x00, 0x00 },
        { 0x00, 0x00, 0x00, 0x00, 0x00, 0x00, 0x00 },
        { 0x00, 0x00, 0x00, 0x00, 0x00, 0x00, 0x00 },
        { 0x00, 0x00, 0x00, 0x00, 0x00, 0x00, 0x00 },
    },
    /* Icon 242 */
    {
        { 0x00, 0x00, 0x00, 0x00, 0x00, 0x00, 0x00 },
        { 0x00, 0x00, 0x00, 0x00, 0x00, 0x00, 0x00 },
        { 0x00, 0x00, 0x00, 0x00, 0x00, 0x00, 0x00 },
        { 0x00, 0x00, 0x00, 0x00, 0x00, 0x00, 0x00 },
        { 0x00, 0x00, 0x00, 0x00, 0x00, 0x00, 0x00 },
        { 0x00, 0x00, 0x00, 0x00, 0x00, 0x00, 0x00 },
        { 0x00, 0x00, 0x00, 0x00, 0x00, 0x00, 0x00 },
    },
    /* Icon 243 */
    {
        { 0x00, 0x00, 0x00, 0x00, 0x00, 0x00, 0x00 },
        { 0x00, 0x00, 0x00, 0x00, 0x00, 0x00, 0x00 },
        { 0x00, 0x00, 0x00, 0x00, 0x00, 0x00, 0x00 },
        { 0x00, 0x00, 0x00, 0x00, 0x00, 0x00, 0x00 },
        { 0x00, 0x00, 0x00, 0x00, 0x00, 0x00, 0x00 },
        { 0x00, 0x00, 0x00, 0x00, 0x00, 0x00, 0x00 },
        { 0x00, 0x00, 0x00, 0x00, 0x00, 0x00, 0x00 },
    },
    /* Icon 244 */
    {
        { 0x00, 0x00, 0x00, 0x00, 0x00, 0x00, 0x00 },
        { 0x00, 0x00, 0x00, 0x00, 0x00, 0x00, 0x00 },
        { 0x00, 0x00, 0x00, 0x00, 0x00, 0x00, 0x00 },
        { 0x00, 0x00, 0x00, 0x00, 0x00, 0x00, 0x00 },
        { 0x00, 0x00, 0x00, 0x00, 0x00, 0x00, 0x00 },
        { 0x00, 0x00, 0x00, 0x00, 0x00, 0x00, 0x00 },
        { 0x00, 0x00, 0x00, 0x00, 0x00, 0x00, 0x00 },
    },
    /* Icon 245 */
    {
        { 0x00, 0x00, 0x00, 0x00, 0x00, 0x00, 0x00 },
        { 0x00, 0x00, 0x00, 0x00, 0x00, 0x00, 0x00 },
        { 0x00, 0x00, 0x00, 0x00, 0x00, 0x00, 0x00 },
        { 0x00, 0x00, 0x00, 0x00, 0x00, 0x00, 0x00 },
        { 0x00, 0x00, 0x00, 0x00, 0x00, 0x00, 0x00 },
        { 0x00, 0x00, 0x00, 0x00, 0x00, 0x00, 0x00 },
        { 0x00, 0x00, 0x00, 0x00, 0x00, 0x00, 0x00 },
    },
    /* Icon 246 */
    {
        { 0x00, 0x00, 0x00, 0x00, 0x00, 0x00, 0x00 },
        { 0x00, 0x00, 0x00, 0x00, 0x00, 0x00, 0x00 },
        { 0x00, 0x00, 0x00, 0x00, 0x00, 0x00, 0x00 },
        { 0x00, 0x00, 0x00, 0x00, 0x00, 0x00, 0x00 },
        { 0x00, 0x00, 0x00, 0x00, 0x00, 0x00, 0x00 },
        { 0x00, 0x00, 0x00, 0x00, 0x00, 0x00, 0x00 },
        { 0x00, 0x00, 0x00, 0x00, 0x00, 0x00, 0x00 },
    },
    /* Icon 247 */
    {
        { 0x00, 0x00, 0x00, 0x00, 0x00, 0x00, 0x00 },
        { 0x00, 0x00, 0x00, 0x00, 0x00, 0x00, 0x00 },
        { 0x00, 0x00, 0x00, 0x00, 0x00, 0x00, 0x00 },
        { 0x00, 0x00, 0x00, 0x00, 0x00, 0x00, 0x00 },
        { 0x00, 0x00, 0x00, 0x00, 0x00, 0x00, 0x00 },
        { 0x00, 0x00, 0x00, 0x00, 0x00, 0x00, 0x00 },
        { 0x00, 0x00, 0x00, 0x00, 0x00, 0x00, 0x00 },
    },
    /* Icon 248 */
    {
        { 0x00, 0x00, 0x00, 0x00, 0x00, 0x00, 0x00 },
        { 0x00, 0x00, 0x00, 0x00, 0x00, 0x00, 0x00 },
        { 0x00, 0x00, 0x00, 0x00, 0x00, 0x00, 0x00 },
        { 0x00, 0x00, 0x00, 0x00, 0x00, 0x00, 0x00 },
        { 0x00, 0x00, 0x00, 0x00, 0x00, 0x00, 0x00 },
        { 0x00, 0x00, 0x00, 0x00, 0x00, 0x00, 0x00 },
        { 0x00, 0x00, 0x00, 0x00, 0x00, 0x00, 0x00 },
    },
    /* Icon 249 */
    {
        { 0x00, 0x00, 0x00, 0x00, 0x00, 0x00, 0x00 },
        { 0x00, 0x00, 0x00, 0x00, 0x00, 0x00, 0x00 },
        { 0x00, 0x00, 0x00, 0x00, 0x00, 0x00, 0x00 },
        { 0x00, 0x00, 0x00, 0x00, 0x00, 0x00, 0x00 },
        { 0x00, 0x00, 0x00, 0x00, 0x00, 0x00, 0x00 },
        { 0x00, 0x00, 0x00, 0x00, 0x00, 0x00, 0x00 },
        { 0x00, 0x00, 0x00, 0x00, 0x00, 0x00, 0x00 },
    },
    /* Icon 250 */
    {
        { 0x00, 0x00, 0x00, 0x00, 0x00, 0x00, 0x00 },
        { 0x00, 0x00, 0x00, 0x00, 0x00, 0x00, 0x00 },
        { 0x00, 0x00, 0x00, 0x00, 0x00, 0x00, 0x00 },
        { 0x00, 0x00, 0x00, 0x00, 0x00, 0x00, 0x00 },
        { 0x00, 0x00, 0x00, 0x00, 0x00, 0x00, 0x00 },
        { 0x00, 0x00, 0x00, 0x00, 0x00, 0x00, 0x00 },
        { 0x00, 0x00, 0x00, 0x00, 0x00, 0x00, 0x00 },
    },
    /* Icon 251 */
    {
        { 0x00, 0x00, 0x00, 0x00, 0x00, 0x00, 0x00 },
        { 0x00, 0x00, 0x00, 0x00, 0x00, 0x00, 0x00 },
        { 0x00, 0x00, 0x00, 0x00, 0x00, 0x00, 0x00 },
        { 0x00, 0x00, 0x00, 0x00, 0x00, 0x00, 0x00 },
        { 0x00, 0x00, 0x00, 0x00, 0x00, 0x00, 0x00 },
        { 0x00, 0x00, 0x00, 0x00, 0x00, 0x00, 0x00 },
        { 0x00, 0x00, 0x00, 0x00, 0x00, 0x00, 0x00 },
    },
    /* Icon 252 */
    {
        { 0x00, 0x00, 0x00, 0x00, 0x00, 0x00, 0x00 },
        { 0x00, 0x00, 0x00, 0x00, 0x00, 0x00, 0x00 },
        { 0x00, 0x00, 0x00, 0x00, 0x00, 0x00, 0x00 },
        { 0x00, 0x00, 0x00, 0x00, 0x00, 0x00, 0x00 },
        { 0x00, 0x00, 0x00, 0x00, 0x00, 0x00, 0x00 },
        { 0x00, 0x00, 0x00, 0x00, 0x00, 0x00, 0x00 },
        { 0x00, 0x00, 0x00, 0x00, 0x00, 0x00, 0x00 },
    },
    /* Icon 253 */
    {
        { 0x00, 0x00, 0x00, 0x00, 0x00, 0x00, 0x00 },
        { 0x00, 0x00, 0x00, 0x00, 0x00, 0x00, 0x00 },
        { 0x00, 0x00, 0x00, 0x00, 0x00, 0x00, 0x00 },
        { 0x00, 0x00, 0x00, 0x00, 0x00, 0x00, 0x00 },
        { 0x00, 0x00, 0x00, 0x00, 0x00, 0x00, 0x00 },
        { 0x00, 0x00, 0x00, 0x00, 0x00, 0x00, 0x00 },
        { 0x00, 0x00, 0x00, 0x00, 0x00, 0x00, 0x00 },
    },
    /* Icon 254 */
    {
        { 0x00, 0x00, 0x00, 0x00, 0x00, 0x00, 0x00 },
        { 0x00, 0x00, 0x00, 0x00, 0x00, 0x00, 0x00 },
        { 0x00, 0x00, 0x00, 0x00, 0x00, 0x00, 0x00 },
        { 0x00, 0x00, 0x00, 0x00, 0x00, 0x00, 0x00 },
        { 0x00, 0x00, 0x00, 0x00, 0x00, 0x00, 0x00 },
        { 0x00, 0x00, 0x00, 0x00, 0x00, 0x00, 0x00 },
        { 0x00, 0x00, 0x00, 0x00, 0x00, 0x00, 0x00 },
    },
    /* Icon 255 */
    {
        { 0x00, 0x00, 0x00, 0x00, 0x00, 0x00, 0x00 },
        { 0x00, 0x00, 0x00, 0x00, 0x00, 0x00, 0x00 },
        { 0x00, 0x00, 0x00, 0x00, 0x00, 0x00, 0x00 },
        { 0x00, 0x00, 0x00, 0x00, 0x00, 0x00, 0x00 },
        { 0x00, 0x00, 0x00, 0x00, 0x00, 0x00, 0x00 },
        { 0x00, 0x00, 0x00, 0x00, 0x00, 0x00, 0x00 },
        { 0x00, 0x00, 0x00, 0x00, 0x00, 0x00, 0x00 },
    },
};

#endif /* PURRGO_POI_ICONS_H */
